Archivo,Profesor,Grupo,Materia,Horas_Semana,Dia,Hora_Inicio,Hora_Fin,Bloque_Horario,Salon,Tipo_Salon,Piso,Es_Invalido,Es_Primer_Semestre
01_Horario_Inicial,1 [] [] SIN PROFESOR ASIGNADO,750I/A,TECNOLOGÍAS DE SERVICIOS WEB,5,Lunes,07:08,07:09,0708,FF6,Teoría,Planta Baja,0,0
01_Horario_Inicial,1 [] [] SIN PROFESOR ASIGNADO,750I/A,TECNOLOGÍAS DE SERVICIOS WEB,5,Martes,07:08,07:09,0708,LBD,Laboratorio,Segundo Piso,0,0
01_Horario_Inicial,1 [] [] SIN PROFESOR ASIGNADO,750I/A,TECNOLOGÍAS DE SERVICIOS WEB,5,Miercoles,07:08,07:09,0708,FF6,Teoría,Planta Baja,0,0
01_Horario_Inicial,1 [] [] SIN PROFESOR ASIGNADO,750I/A,TECNOLOGÍAS DE SERVICIOS WEB,5,Jueves,07:08,07:09,0708,LBD,Laboratorio,Segundo Piso,0,0
01_Horario_Inicial,1 [] [] SIN PROFESOR ASIGNADO,750I/A,TECNOLOGÍAS DE SERVICIOS WEB,5,Viernes,07:08,07:09,0708,FF6,Teoría,Planta Baja,0,0
01_Horario_Inicial,1 [] [] SIN PROFESOR ASIGNADO,750H/A,ANÁLISIS Y DISEÑO DE ALGORITMOS,5,Lunes,07:08,07:09,0708,FF5,Teoría,Planta Baja,0,0
01_Horario_Inicial,1 [] [] SIN PROFESOR ASIGNADO,750H/A,ANÁLISIS Y DISEÑO DE ALGORITMOS,5,Martes,07:08,07:09,0708,LBD2,Laboratorio,Segundo Piso,0,0
01_Horario_Inicial,1 [] [] SIN PROFESOR ASIGNADO,750H/A,ANÁLISIS Y DISEÑO DE ALGORITMOS,5,Miercoles,07:08,07:09,0708,FF5,Teoría,Planta Baja,0,0
01_Horario_Inicial,1 [] [] SIN PROFESOR ASIGNADO,750H/A,ANÁLISIS Y DISEÑO DE ALGORITMOS,5,Jueves,07:08,07:09,0708,LBD2,Laboratorio,Segundo Piso,0,0
01_Horario_Inicial,1 [] [] SIN PROFESOR ASIGNADO,750H/A,ANÁLISIS Y DISEÑO DE ALGORITMOS,5,Viernes,07:08,07:09,0708,FF5,Teoría,Planta Baja,0,0
01_Horario_Inicial,1 [] [] SIN PROFESOR ASIGNADO,2531/CA,PROGRAMACIÓN,4,Lunes,09:10,09:11,0910,LBD2,Laboratorio,Segundo Piso,0,0
01_Horario_Inicial,1 [] [] SIN PROFESOR ASIGNADO,2531/CA,PROGRAMACIÓN,4,Martes,09:10,09:11,0910,FFD,Teoría,Planta Alta,0,0
01_Horario_Inicial,1 [] [] SIN PROFESOR ASIGNADO,2531/CA,PROGRAMACIÓN,4,Miercoles,09:10,09:11,0910,LBD2,Laboratorio,Segundo Piso,0,0
01_Horario_Inicial,1 [] [] SIN PROFESOR ASIGNADO,2531/CA,PROGRAMACIÓN,4,Jueves,09:10,09:11,0910,FFD,Teoría,Planta Alta,0,0
01_Horario_Inicial,1 [] [] SIN PROFESOR ASIGNADO,8504/B,ADMINISTRACIÓN DE REDES,4,Lunes,09:10,09:11,0910,LR,Laboratorio,Primer Piso,0,0
01_Horario_Inicial,1 [] [] SIN PROFESOR ASIGNADO,8504/B,ADMINISTRACIÓN DE REDES,4,Martes,09:10,09:11,0910,FF8,Teoría,Planta Alta,0,0
01_Horario_Inicial,1 [] [] SIN PROFESOR ASIGNADO,8504/B,ADMINISTRACIÓN DE REDES,4,Miercoles,09:10,09:11,0910,LR,Laboratorio,Primer Piso,0,0
01_Horario_Inicial,1 [] [] SIN PROFESOR ASIGNADO,8504/B,ADMINISTRACIÓN DE REDES,4,Jueves,09:10,09:11,0910,FF8,Teoría,Planta Alta,0,0
01_Horario_Inicial,1 [] [] SIN PROFESOR ASIGNADO,4542/A,ALGORITMOS Y LENGUAJES DE PROGRAMACIÓN,4,Lunes,09:10,09:11,0910,LCA,Laboratorio,Segundo Piso,0,0
01_Horario_Inicial,1 [] [] SIN PROFESOR ASIGNADO,4542/A,ALGORITMOS Y LENGUAJES DE PROGRAMACIÓN,4,Martes,09:10,09:11,0910,FF5,Teoría,Planta Baja,0,0
01_Horario_Inicial,1 [] [] SIN PROFESOR ASIGNADO,4542/A,ALGORITMOS Y LENGUAJES DE PROGRAMACIÓN,4,Miercoles,09:10,09:11,0910,LCA,Laboratorio,Segundo Piso,0,0
01_Horario_Inicial,1 [] [] SIN PROFESOR ASIGNADO,4542/A,ALGORITMOS Y LENGUAJES DE PROGRAMACIÓN,4,Jueves,09:10,09:11,0910,FF5,Teoría,Planta Baja,0,0
01_Horario_Inicial,1 [] [] SIN PROFESOR ASIGNADO,3115/A,SISTEMAS OPERATIVOS,4,Lunes,12:13,12:14,1213,AV1,INVÁLIDO,N/A,1,0
01_Horario_Inicial,1 [] [] SIN PROFESOR ASIGNADO,3115/A,SISTEMAS OPERATIVOS,4,Martes,12:13,12:14,1213,AV1,INVÁLIDO,N/A,1,0
01_Horario_Inicial,1 [] [] SIN PROFESOR ASIGNADO,3115/A,SISTEMAS OPERATIVOS,4,Miercoles,12:13,12:14,1213,AV1,INVÁLIDO,N/A,1,0
01_Horario_Inicial,1 [] [] SIN PROFESOR ASIGNADO,3115/A,SISTEMAS OPERATIVOS,4,Jueves,12:13,12:14,1213,AV1,INVÁLIDO,N/A,1,0
01_Horario_Inicial,1 [] [] SIN PROFESOR ASIGNADO,2135/A,PROGRAMACIÓN VISUAL,5,Lunes,13:14,13:15,1314,LR,Laboratorio,Primer Piso,0,0
01_Horario_Inicial,1 [] [] SIN PROFESOR ASIGNADO,2135/A,PROGRAMACIÓN VISUAL,5,Martes,13:14,13:15,1314,LR,Laboratorio,Primer Piso,0,0
01_Horario_Inicial,1 [] [] SIN PROFESOR ASIGNADO,2135/A,PROGRAMACIÓN VISUAL,5,Miercoles,13:14,13:15,1314,LR,Laboratorio,Primer Piso,0,0
01_Horario_Inicial,1 [] [] SIN PROFESOR ASIGNADO,2135/A,PROGRAMACIÓN VISUAL,5,Jueves,13:14,13:15,1314,LR,Laboratorio,Primer Piso,0,0
01_Horario_Inicial,1 [] [] SIN PROFESOR ASIGNADO,2135/A,PROGRAMACIÓN VISUAL,5,Viernes,13:14,13:15,1314,LR,Laboratorio,Primer Piso,0,0
01_Horario_Inicial,1 [] [] SIN PROFESOR ASIGNADO,4506/B,TALLER DE SISTEMAS OPERATIVOS,4,Lunes,13:14,13:15,1314,LBD,Laboratorio,Segundo Piso,0,0
01_Horario_Inicial,1 [] [] SIN PROFESOR ASIGNADO,4506/B,TALLER DE SISTEMAS OPERATIVOS,4,Martes,13:14,13:15,1314,LBD,Laboratorio,Segundo Piso,0,0
01_Horario_Inicial,1 [] [] SIN PROFESOR ASIGNADO,4506/B,TALLER DE SISTEMAS OPERATIVOS,4,Miercoles,13:14,13:15,1314,LBD,Laboratorio,Segundo Piso,0,0
01_Horario_Inicial,1 [] [] SIN PROFESOR ASIGNADO,4506/B,TALLER DE SISTEMAS OPERATIVOS,4,Jueves,13:14,13:15,1314,LBD,Laboratorio,Segundo Piso,0,0
01_Horario_Inicial,1 [] [] SIN PROFESOR ASIGNADO,2605/B,COMPUTACIÓN PARA INGENIERÍA PETROLERA,5,Lunes,13:14,13:15,1314,LSO,Laboratorio,Primer Piso,0,0
01_Horario_Inicial,1 [] [] SIN PROFESOR ASIGNADO,2605/B,COMPUTACIÓN PARA INGENIERÍA PETROLERA,5,Martes,13:14,13:15,1314,FF7,Teoría,Planta Baja,0,0
01_Horario_Inicial,1 [] [] SIN PROFESOR ASIGNADO,2605/B,COMPUTACIÓN PARA INGENIERÍA PETROLERA,5,Miercoles,13:14,13:15,1314,LSO,Laboratorio,Primer Piso,0,0
01_Horario_Inicial,1 [] [] SIN PROFESOR ASIGNADO,2605/B,COMPUTACIÓN PARA INGENIERÍA PETROLERA,5,Jueves,13:14,13:15,1314,FF7,Teoría,Planta Baja,0,0
01_Horario_Inicial,1 [] [] SIN PROFESOR ASIGNADO,2605/B,COMPUTACIÓN PARA INGENIERÍA PETROLERA,5,Viernes,13:14,13:15,1314,LIA,Laboratorio,Primer Piso,0,0
01_Horario_Inicial,1 [] [] SIN PROFESOR ASIGNADO,6503/A,REDES DE COMPUTADORAS,5,Lunes,14:15,14:16,1415,LR,Laboratorio,Primer Piso,0,0
01_Horario_Inicial,1 [] [] SIN PROFESOR ASIGNADO,6503/A,REDES DE COMPUTADORAS,5,Martes,14:15,14:16,1415,FF3,Teoría,Planta Baja,0,0
01_Horario_Inicial,1 [] [] SIN PROFESOR ASIGNADO,6503/A,REDES DE COMPUTADORAS,5,Miercoles,14:15,14:16,1415,LR,Laboratorio,Primer Piso,0,0
01_Horario_Inicial,1 [] [] SIN PROFESOR ASIGNADO,6503/A,REDES DE COMPUTADORAS,5,Jueves,14:15,14:16,1415,FF3,Teoría,Planta Baja,0,0
01_Horario_Inicial,1 [] [] SIN PROFESOR ASIGNADO,6503/A,REDES DE COMPUTADORAS,5,Viernes,14:15,14:16,1415,LR,Laboratorio,Primer Piso,0,0
01_Horario_Inicial,1 [] [] SIN PROFESOR ASIGNADO,3556/B,PROGRAMACIÓN ESTRUCTURADA,5,Lunes,15:16,15:17,1516,LCA,Laboratorio,Segundo Piso,0,0
01_Horario_Inicial,1 [] [] SIN PROFESOR ASIGNADO,3556/B,PROGRAMACIÓN ESTRUCTURADA,5,Martes,15:16,15:17,1516,FFD,Teoría,Planta Alta,0,0
01_Horario_Inicial,1 [] [] SIN PROFESOR ASIGNADO,3556/B,PROGRAMACIÓN ESTRUCTURADA,5,Miercoles,15:16,15:17,1516,LCA,Laboratorio,Segundo Piso,0,0
01_Horario_Inicial,1 [] [] SIN PROFESOR ASIGNADO,3556/B,PROGRAMACIÓN ESTRUCTURADA,5,Jueves,15:16,15:17,1516,FFD,Teoría,Planta Alta,0,0
01_Horario_Inicial,1 [] [] SIN PROFESOR ASIGNADO,3556/B,PROGRAMACIÓN ESTRUCTURADA,5,Viernes,15:16,15:17,1516,LCG2,Laboratorio,Primer Piso,0,0
01_Horario_Inicial,1 [] [] SIN PROFESOR ASIGNADO,4556/B,PROGRAMACIÓN VISUAL,5,Lunes,16:17,16:18,1617,LCG1,Laboratorio,Primer Piso,0,0
01_Horario_Inicial,1 [] [] SIN PROFESOR ASIGNADO,4556/B,PROGRAMACIÓN VISUAL,5,Martes,16:17,16:18,1617,LCG1,Laboratorio,Primer Piso,0,0
01_Horario_Inicial,1 [] [] SIN PROFESOR ASIGNADO,4556/B,PROGRAMACIÓN VISUAL,5,Miercoles,16:17,16:18,1617,LCG1,Laboratorio,Primer Piso,0,0
01_Horario_Inicial,1 [] [] SIN PROFESOR ASIGNADO,4556/B,PROGRAMACIÓN VISUAL,5,Jueves,16:17,16:18,1617,LCG1,Laboratorio,Primer Piso,0,0
01_Horario_Inicial,1 [] [] SIN PROFESOR ASIGNADO,4556/B,PROGRAMACIÓN VISUAL,5,Viernes,16:17,16:18,1617,LCG1,Laboratorio,Primer Piso,0,0
01_Horario_Inicial,1 [] [] SIN PROFESOR ASIGNADO,1502/E,FUNDAMENTOS DE PROGRAMACIÓN,5,Lunes,16:17,16:18,1617,FF2,Teoría,Planta Baja,0,1
01_Horario_Inicial,1 [] [] SIN PROFESOR ASIGNADO,1502/E,FUNDAMENTOS DE PROGRAMACIÓN,5,Martes,16:17,16:18,1617,LCA,Laboratorio,Segundo Piso,0,1
01_Horario_Inicial,1 [] [] SIN PROFESOR ASIGNADO,1502/E,FUNDAMENTOS DE PROGRAMACIÓN,5,Miercoles,16:17,16:18,1617,FF2,Teoría,Planta Baja,0,1
01_Horario_Inicial,1 [] [] SIN PROFESOR ASIGNADO,1502/E,FUNDAMENTOS DE PROGRAMACIÓN,5,Jueves,16:17,16:18,1617,LCA,Laboratorio,Segundo Piso,0,1
01_Horario_Inicial,1 [] [] SIN PROFESOR ASIGNADO,1502/E,FUNDAMENTOS DE PROGRAMACIÓN,5,Viernes,16:17,16:18,1617,LCA,Laboratorio,Segundo Piso,0,1
01_Horario_Inicial,1 [] [] SIN PROFESOR ASIGNADO,4542/B,ALGORITMOS Y LENGUAJES DE PROGRAMACIÓN,4,Lunes,16:17,16:18,1617,FF1,Teoría,Planta Baja,0,0
01_Horario_Inicial,1 [] [] SIN PROFESOR ASIGNADO,4542/B,ALGORITMOS Y LENGUAJES DE PROGRAMACIÓN,4,Martes,16:17,16:18,1617,LR,Laboratorio,Primer Piso,0,0
01_Horario_Inicial,1 [] [] SIN PROFESOR ASIGNADO,4542/B,ALGORITMOS Y LENGUAJES DE PROGRAMACIÓN,4,Miercoles,16:17,16:18,1617,FF1,Teoría,Planta Baja,0,0
01_Horario_Inicial,1 [] [] SIN PROFESOR ASIGNADO,4542/B,ALGORITMOS Y LENGUAJES DE PROGRAMACIÓN,4,Jueves,16:17,16:18,1617,LR,Laboratorio,Primer Piso,0,0
01_Horario_Inicial,1 [] [] SIN PROFESOR ASIGNADO,5505/C,GRAFICACIÓN,4,Lunes,17:18,17:19,1718,LR,Laboratorio,Primer Piso,0,0
01_Horario_Inicial,1 [] [] SIN PROFESOR ASIGNADO,5505/C,GRAFICACIÓN,4,Martes,17:18,17:19,1718,FF7,Teoría,Planta Baja,0,0
01_Horario_Inicial,1 [] [] SIN PROFESOR ASIGNADO,5505/C,GRAFICACIÓN,4,Miercoles,17:18,17:19,1718,LR,Laboratorio,Primer Piso,0,0
01_Horario_Inicial,1 [] [] SIN PROFESOR ASIGNADO,5505/C,GRAFICACIÓN,4,Jueves,17:18,17:19,1718,FF7,Teoría,Planta Baja,0,0
01_Horario_Inicial,1 [] [] SIN PROFESOR ASIGNADO,2531/EA,PROGRAMACIÓN,4,Lunes,18:19,18:20,1819,FF1,Teoría,Planta Baja,0,0
01_Horario_Inicial,1 [] [] SIN PROFESOR ASIGNADO,2531/EA,PROGRAMACIÓN,4,Martes,18:19,18:20,1819,LCA,Laboratorio,Segundo Piso,0,0
01_Horario_Inicial,1 [] [] SIN PROFESOR ASIGNADO,2531/EA,PROGRAMACIÓN,4,Miercoles,18:19,18:20,1819,FF1,Teoría,Planta Baja,0,0
01_Horario_Inicial,1 [] [] SIN PROFESOR ASIGNADO,2531/EA,PROGRAMACIÓN,4,Jueves,18:19,18:20,1819,LCA,Laboratorio,Segundo Piso,0,0
01_Horario_Inicial,1 [] [] SIN PROFESOR ASIGNADO,2531/FA,PROGRAMACIÓN,4,Lunes,18:19,18:20,1819,LIA,Laboratorio,Primer Piso,0,0
01_Horario_Inicial,1 [] [] SIN PROFESOR ASIGNADO,2531/FA,PROGRAMACIÓN,4,Martes,18:19,18:20,1819,FF3,Teoría,Planta Baja,0,0
01_Horario_Inicial,1 [] [] SIN PROFESOR ASIGNADO,2531/FA,PROGRAMACIÓN,4,Miercoles,18:19,18:20,1819,LIA,Laboratorio,Primer Piso,0,0
01_Horario_Inicial,1 [] [] SIN PROFESOR ASIGNADO,2531/FA,PROGRAMACIÓN,4,Jueves,18:19,18:20,1819,FF3,Teoría,Planta Baja,0,0
01_Horario_Inicial,1 [] [] SIN PROFESOR ASIGNADO,7503/C,CONMUTACIÓN Y ENRUTAMIENTO EN REDES DE DATOS,5,Lunes,19:20,19:21,1920,FF2,Teoría,Planta Baja,0,0
01_Horario_Inicial,1 [] [] SIN PROFESOR ASIGNADO,7503/C,CONMUTACIÓN Y ENRUTAMIENTO EN REDES DE DATOS,5,Martes,19:20,19:21,1920,LR,Laboratorio,Primer Piso,0,0
01_Horario_Inicial,1 [] [] SIN PROFESOR ASIGNADO,7503/C,CONMUTACIÓN Y ENRUTAMIENTO EN REDES DE DATOS,5,Miercoles,19:20,19:21,1920,FF2,Teoría,Planta Baja,0,0
01_Horario_Inicial,1 [] [] SIN PROFESOR ASIGNADO,7503/C,CONMUTACIÓN Y ENRUTAMIENTO EN REDES DE DATOS,5,Jueves,19:20,19:21,1920,LR,Laboratorio,Primer Piso,0,0
01_Horario_Inicial,1 [] [] SIN PROFESOR ASIGNADO,7503/C,CONMUTACIÓN Y ENRUTAMIENTO EN REDES DE DATOS,5,Viernes,19:20,19:21,1920,LR,Laboratorio,Primer Piso,0,0
01_Horario_Inicial,PROFESOR 1,1502/AA,FUNDAMENTOS DE PROGRAMACIÓN,5,Lunes,08:09,08:10,0809,FF2,Teoría,Planta Baja,0,1
01_Horario_Inicial,PROFESOR 1,1502/AA,FUNDAMENTOS DE PROGRAMACIÓN,5,Martes,08:09,08:10,0809,LIA,Laboratorio,Primer Piso,0,1
01_Horario_Inicial,PROFESOR 1,1502/AA,FUNDAMENTOS DE PROGRAMACIÓN,5,Miercoles,08:09,08:10,0809,FF2,Teoría,Planta Baja,0,1
01_Horario_Inicial,PROFESOR 1,1502/AA,FUNDAMENTOS DE PROGRAMACIÓN,5,Jueves,08:09,08:10,0809,LIA,Laboratorio,Primer Piso,0,1
01_Horario_Inicial,PROFESOR 1,1502/AA,FUNDAMENTOS DE PROGRAMACIÓN,5,Viernes,08:09,08:10,0809,LIA,Laboratorio,Primer Piso,0,1
01_Horario_Inicial,PROFESOR 1,1502/BA,FUNDAMENTOS DE PROGRAMACIÓN,5,Lunes,09:10,09:11,0910,FF2,Teoría,Planta Baja,0,1
01_Horario_Inicial,PROFESOR 1,1502/BA,FUNDAMENTOS DE PROGRAMACIÓN,5,Martes,09:10,09:11,0910,LIA,Laboratorio,Primer Piso,0,1
01_Horario_Inicial,PROFESOR 1,1502/BA,FUNDAMENTOS DE PROGRAMACIÓN,5,Miercoles,09:10,09:11,0910,FF2,Teoría,Planta Baja,0,1
01_Horario_Inicial,PROFESOR 1,1502/BA,FUNDAMENTOS DE PROGRAMACIÓN,5,Jueves,09:10,09:11,0910,LIA,Laboratorio,Primer Piso,0,1
01_Horario_Inicial,PROFESOR 1,1502/BA,FUNDAMENTOS DE PROGRAMACIÓN,5,Viernes,09:10,09:11,0910,LIA,Laboratorio,Primer Piso,0,1
01_Horario_Inicial,PROFESOR 1,4505/A,TÓPICOS AVANZADOS DE PROGRAMACIÓN,5,Lunes,11:12,11:13,1112,FF4,Teoría,Planta Baja,0,0
01_Horario_Inicial,PROFESOR 1,4505/A,TÓPICOS AVANZADOS DE PROGRAMACIÓN,5,Martes,11:12,11:13,1112,LSO,Laboratorio,Primer Piso,0,0
01_Horario_Inicial,PROFESOR 1,4505/A,TÓPICOS AVANZADOS DE PROGRAMACIÓN,5,Miercoles,11:12,11:13,1112,FF4,Teoría,Planta Baja,0,0
01_Horario_Inicial,PROFESOR 1,4505/A,TÓPICOS AVANZADOS DE PROGRAMACIÓN,5,Jueves,11:12,11:13,1112,LSO,Laboratorio,Primer Piso,0,0
01_Horario_Inicial,PROFESOR 1,4505/A,TÓPICOS AVANZADOS DE PROGRAMACIÓN,5,Viernes,11:12,11:13,1112,LSO,Laboratorio,Primer Piso,0,0
01_Horario_Inicial,PROFESOR 1,1114/A,MATEMÁTICAS DISCRETAS,5,Lunes,14:15,14:16,1415,AV1,INVÁLIDO,N/A,1,1
01_Horario_Inicial,PROFESOR 1,1114/A,MATEMÁTICAS DISCRETAS,5,Martes,14:15,14:16,1415,AV1,INVÁLIDO,N/A,1,1
01_Horario_Inicial,PROFESOR 1,1114/A,MATEMÁTICAS DISCRETAS,5,Miercoles,14:15,14:16,1415,AV1,INVÁLIDO,N/A,1,1
01_Horario_Inicial,PROFESOR 1,1114/A,MATEMÁTICAS DISCRETAS,5,Jueves,14:15,14:16,1415,AV1,INVÁLIDO,N/A,1,1
01_Horario_Inicial,PROFESOR 1,1114/A,MATEMÁTICAS DISCRETAS,5,Viernes,14:15,14:16,1415,AV1,INVÁLIDO,N/A,1,1
01_Horario_Inicial,PROFESOR 2,1504/B,MATEMÁTICAS DISCRETAS,5,Lunes,07:08,07:09,0708,FF3,Teoría,Planta Baja,0,1
01_Horario_Inicial,PROFESOR 2,1504/B,MATEMÁTICAS DISCRETAS,5,Martes,07:08,07:09,0708,FF3,Teoría,Planta Baja,0,1
01_Horario_Inicial,PROFESOR 2,1504/B,MATEMÁTICAS DISCRETAS,5,Miercoles,07:08,07:09,0708,FF3,Teoría,Planta Baja,0,1
01_Horario_Inicial,PROFESOR 2,1504/B,MATEMÁTICAS DISCRETAS,5,Jueves,07:08,07:09,0708,FF3,Teoría,Planta Baja,0,1
01_Horario_Inicial,PROFESOR 2,1504/B,MATEMÁTICAS DISCRETAS,5,Viernes,07:08,07:09,0708,FF3,Teoría,Planta Baja,0,1
01_Horario_Inicial,PROFESOR 2,1504/C,MATEMÁTICAS DISCRETAS,5,Lunes,08:09,08:10,0809,FF4,Teoría,Planta Baja,0,1
01_Horario_Inicial,PROFESOR 2,1504/C,MATEMÁTICAS DISCRETAS,5,Martes,08:09,08:10,0809,FF4,Teoría,Planta Baja,0,1
01_Horario_Inicial,PROFESOR 2,1504/C,MATEMÁTICAS DISCRETAS,5,Miercoles,08:09,08:10,0809,FF4,Teoría,Planta Baja,0,1
01_Horario_Inicial,PROFESOR 2,1504/C,MATEMÁTICAS DISCRETAS,5,Jueves,08:09,08:10,0809,FF4,Teoría,Planta Baja,0,1
01_Horario_Inicial,PROFESOR 2,1504/C,MATEMÁTICAS DISCRETAS,5,Viernes,08:09,08:10,0809,FF4,Teoría,Planta Baja,0,1
01_Horario_Inicial,PROFESOR 2,5505/A,GRAFICACIÓN,4,Lunes,11:12,11:13,1112,FF1,Teoría,Planta Baja,0,0
01_Horario_Inicial,PROFESOR 2,5505/A,GRAFICACIÓN,4,Martes,11:12,11:13,1112,FF1,Teoría,Planta Baja,0,0
01_Horario_Inicial,PROFESOR 2,5505/A,GRAFICACIÓN,4,Miercoles,11:12,11:13,1112,FF1,Teoría,Planta Baja,0,0
01_Horario_Inicial,PROFESOR 2,5505/A,GRAFICACIÓN,4,Jueves,11:12,11:13,1112,FF1,Teoría,Planta Baja,0,0
01_Horario_Inicial,PROFESOR 2,5505/B,GRAFICACIÓN,4,Lunes,14:15,14:16,1415,FF1,Teoría,Planta Baja,0,0
01_Horario_Inicial,PROFESOR 2,5505/B,GRAFICACIÓN,4,Martes,14:15,14:16,1415,LR,Laboratorio,Primer Piso,0,0
01_Horario_Inicial,PROFESOR 2,5505/B,GRAFICACIÓN,4,Miercoles,14:15,14:16,1415,FF1,Teoría,Planta Baja,0,0
01_Horario_Inicial,PROFESOR 2,5505/B,GRAFICACIÓN,4,Jueves,14:15,14:16,1415,LR,Laboratorio,Primer Piso,0,0
01_Horario_Inicial,PROFESOR 2,850N/B,INTERFACES PARA INTELIGENCIA DE NEGOCIOS,5,Lunes,15:16,15:17,1516,FFA,Teoría,Planta Alta,0,0
01_Horario_Inicial,PROFESOR 2,850N/B,INTERFACES PARA INTELIGENCIA DE NEGOCIOS,5,Martes,15:16,15:17,1516,LIA,Laboratorio,Primer Piso,0,0
01_Horario_Inicial,PROFESOR 2,850N/B,INTERFACES PARA INTELIGENCIA DE NEGOCIOS,5,Miercoles,15:16,15:17,1516,FFA,Teoría,Planta Alta,0,0
01_Horario_Inicial,PROFESOR 2,850N/B,INTERFACES PARA INTELIGENCIA DE NEGOCIOS,5,Jueves,15:16,15:17,1516,LIA,Laboratorio,Primer Piso,0,0
01_Horario_Inicial,PROFESOR 2,850N/B,INTERFACES PARA INTELIGENCIA DE NEGOCIOS,5,Viernes,15:16,15:17,1516,FFA,Teoría,Planta Alta,0,0
01_Horario_Inicial,PROFESOR 3,7501/A,LENGUAJES Y AUTÓMATAS II,5,Lunes,10:11,10:12,1011,FFA,Teoría,Planta Alta,0,0
01_Horario_Inicial,PROFESOR 3,7501/A,LENGUAJES Y AUTÓMATAS II,5,Martes,10:11,10:12,1011,FFA,Teoría,Planta Alta,0,0
01_Horario_Inicial,PROFESOR 3,7501/A,LENGUAJES Y AUTÓMATAS II,5,Miercoles,10:11,10:12,1011,FFA,Teoría,Planta Alta,0,0
01_Horario_Inicial,PROFESOR 3,7501/A,LENGUAJES Y AUTÓMATAS II,5,Jueves,10:11,10:12,1011,FFA,Teoría,Planta Alta,0,0
01_Horario_Inicial,PROFESOR 3,7501/A,LENGUAJES Y AUTÓMATAS II,5,Viernes,10:11,10:12,1011,FFA,Teoría,Planta Alta,0,0
01_Horario_Inicial,PROFESOR 3,6501/A,LENGUAJES Y AUTÓMATAS I,5,Lunes,11:12,11:13,1112,FFA,Teoría,Planta Alta,0,0
01_Horario_Inicial,PROFESOR 3,6501/A,LENGUAJES Y AUTÓMATAS I,5,Martes,11:12,11:13,1112,FFA,Teoría,Planta Alta,0,0
01_Horario_Inicial,PROFESOR 3,6501/A,LENGUAJES Y AUTÓMATAS I,5,Miercoles,11:12,11:13,1112,FFA,Teoría,Planta Alta,0,0
01_Horario_Inicial,PROFESOR 3,6501/A,LENGUAJES Y AUTÓMATAS I,5,Jueves,11:12,11:13,1112,FFA,Teoría,Planta Alta,0,0
01_Horario_Inicial,PROFESOR 3,6501/A,LENGUAJES Y AUTÓMATAS I,5,Viernes,11:12,11:13,1112,FFA,Teoría,Planta Alta,0,0
01_Horario_Inicial,PROFESOR 4,8509/A,INTELIGENCIA ARTIFICIAL,4,Lunes,08:09,08:10,0809,FF9,Teoría,Planta Alta,0,0
01_Horario_Inicial,PROFESOR 4,8509/A,INTELIGENCIA ARTIFICIAL,4,Martes,08:09,08:10,0809,FF9,Teoría,Planta Alta,0,0
01_Horario_Inicial,PROFESOR 4,8509/A,INTELIGENCIA ARTIFICIAL,4,Miercoles,08:09,08:10,0809,FF9,Teoría,Planta Alta,0,0
01_Horario_Inicial,PROFESOR 4,8509/A,INTELIGENCIA ARTIFICIAL,4,Jueves,08:09,08:10,0809,FF9,Teoría,Planta Alta,0,0
01_Horario_Inicial,PROFESOR 4,4506/A,TALLER DE SISTEMAS OPERATIVOS,4,Lunes,10:11,10:12,1011,LBD,Laboratorio,Segundo Piso,0,0
01_Horario_Inicial,PROFESOR 4,4506/A,TALLER DE SISTEMAS OPERATIVOS,4,Martes,10:11,10:12,1011,LBD,Laboratorio,Segundo Piso,0,0
01_Horario_Inicial,PROFESOR 4,4506/A,TALLER DE SISTEMAS OPERATIVOS,4,Miercoles,10:11,10:12,1011,LBD,Laboratorio,Segundo Piso,0,0
01_Horario_Inicial,PROFESOR 4,4506/A,TALLER DE SISTEMAS OPERATIVOS,4,Jueves,10:11,10:12,1011,LBD,Laboratorio,Segundo Piso,0,0
01_Horario_Inicial,PROFESOR 4,8509/B,INTELIGENCIA ARTIFICIAL,4,Lunes,16:17,16:18,1617,FFC,Teoría,Planta Alta,0,0
01_Horario_Inicial,PROFESOR 4,8509/B,INTELIGENCIA ARTIFICIAL,4,Martes,16:17,16:18,1617,FFC,Teoría,Planta Alta,0,0
01_Horario_Inicial,PROFESOR 4,8509/B,INTELIGENCIA ARTIFICIAL,4,Miercoles,16:17,16:18,1617,FFC,Teoría,Planta Alta,0,0
01_Horario_Inicial,PROFESOR 4,8509/B,INTELIGENCIA ARTIFICIAL,4,Jueves,16:17,16:18,1617,FFC,Teoría,Planta Alta,0,0
01_Horario_Inicial,PROFESOR 4,4506/C,TALLER DE SISTEMAS OPERATIVOS,4,Lunes,17:18,17:19,1718,LBD,Laboratorio,Segundo Piso,0,0
01_Horario_Inicial,PROFESOR 4,4506/C,TALLER DE SISTEMAS OPERATIVOS,4,Martes,17:18,17:19,1718,LBD,Laboratorio,Segundo Piso,0,0
01_Horario_Inicial,PROFESOR 4,4506/C,TALLER DE SISTEMAS OPERATIVOS,4,Miercoles,17:18,17:19,1718,LBD,Laboratorio,Segundo Piso,0,0
01_Horario_Inicial,PROFESOR 4,4506/C,TALLER DE SISTEMAS OPERATIVOS,4,Jueves,17:18,17:19,1718,LBD,Laboratorio,Segundo Piso,0,0
01_Horario_Inicial,PROFESOR 5,5505/D,GRAFICACIÓN,4,Lunes,14:15,14:16,1415,LSO,Laboratorio,Primer Piso,0,0
01_Horario_Inicial,PROFESOR 5,5505/D,GRAFICACIÓN,4,Martes,14:15,14:16,1415,FF1,Teoría,Planta Baja,0,0
01_Horario_Inicial,PROFESOR 5,5505/D,GRAFICACIÓN,4,Miercoles,14:15,14:16,1415,LSO,Laboratorio,Primer Piso,0,0
01_Horario_Inicial,PROFESOR 5,5505/D,GRAFICACIÓN,4,Jueves,14:15,14:16,1415,FF1,Teoría,Planta Baja,0,0
01_Horario_Inicial,PROFESOR 5,5115/A,GRAFICACIÓN,4,Lunes,17:18,17:19,1718,AV2,INVÁLIDO,N/A,1,0
01_Horario_Inicial,PROFESOR 5,5115/A,GRAFICACIÓN,4,Martes,17:18,17:19,1718,AV2,INVÁLIDO,N/A,1,0
01_Horario_Inicial,PROFESOR 5,5115/A,GRAFICACIÓN,4,Miercoles,17:18,17:19,1718,AV2,INVÁLIDO,N/A,1,0
01_Horario_Inicial,PROFESOR 5,5115/A,GRAFICACIÓN,4,Jueves,17:18,17:19,1718,AV2,INVÁLIDO,N/A,1,0
01_Horario_Inicial,PROFESOR 6,750D/A,PROGRAMACIÓN WEB,5,Lunes,12:13,12:14,1213,LIA,Laboratorio,Primer Piso,0,0
01_Horario_Inicial,PROFESOR 6,750D/A,PROGRAMACIÓN WEB,5,Martes,12:13,12:14,1213,LSO,Laboratorio,Primer Piso,0,0
01_Horario_Inicial,PROFESOR 6,750D/A,PROGRAMACIÓN WEB,5,Miercoles,12:13,12:14,1213,LIA,Laboratorio,Primer Piso,0,0
01_Horario_Inicial,PROFESOR 6,750D/A,PROGRAMACIÓN WEB,5,Jueves,12:13,12:14,1213,LSO,Laboratorio,Primer Piso,0,0
01_Horario_Inicial,PROFESOR 6,750D/A,PROGRAMACIÓN WEB,5,Viernes,12:13,12:14,1213,LSO,Laboratorio,Primer Piso,0,0
01_Horario_Inicial,PROFESOR 6,7501/B,LENGUAJES Y AUTÓMATAS II,5,Lunes,13:14,13:15,1314,FF4,Teoría,Planta Baja,0,0
01_Horario_Inicial,PROFESOR 6,7501/B,LENGUAJES Y AUTÓMATAS II,5,Martes,13:14,13:15,1314,FF4,Teoría,Planta Baja,0,0
01_Horario_Inicial,PROFESOR 6,7501/B,LENGUAJES Y AUTÓMATAS II,5,Miercoles,13:14,13:15,1314,FF4,Teoría,Planta Baja,0,0
01_Horario_Inicial,PROFESOR 6,7501/B,LENGUAJES Y AUTÓMATAS II,5,Jueves,13:14,13:15,1314,FF4,Teoría,Planta Baja,0,0
01_Horario_Inicial,PROFESOR 6,7501/B,LENGUAJES Y AUTÓMATAS II,5,Viernes,13:14,13:15,1314,FF4,Teoría,Planta Baja,0,0
01_Horario_Inicial,PROFESOR 7,7501/C,LENGUAJES Y AUTÓMATAS II,5,Lunes,08:09,08:10,0809,FFC,Teoría,Planta Alta,0,0
01_Horario_Inicial,PROFESOR 7,7501/C,LENGUAJES Y AUTÓMATAS II,5,Martes,08:09,08:10,0809,FFC,Teoría,Planta Alta,0,0
01_Horario_Inicial,PROFESOR 7,7501/C,LENGUAJES Y AUTÓMATAS II,5,Miercoles,08:09,08:10,0809,FFC,Teoría,Planta Alta,0,0
01_Horario_Inicial,PROFESOR 7,7501/C,LENGUAJES Y AUTÓMATAS II,5,Jueves,08:09,08:10,0809,FFC,Teoría,Planta Alta,0,0
01_Horario_Inicial,PROFESOR 7,7501/C,LENGUAJES Y AUTÓMATAS II,5,Viernes,08:09,08:10,0809,FFC,Teoría,Planta Alta,0,0
01_Horario_Inicial,PROFESOR 7,6501/B,LENGUAJES Y AUTÓMATAS I,5,Lunes,15:16,15:17,1516,LIA,Laboratorio,Primer Piso,0,0
01_Horario_Inicial,PROFESOR 7,6501/B,LENGUAJES Y AUTÓMATAS I,5,Martes,15:16,15:17,1516,FFC,Teoría,Planta Alta,0,0
01_Horario_Inicial,PROFESOR 7,6501/B,LENGUAJES Y AUTÓMATAS I,5,Miercoles,15:16,15:17,1516,LIA,Laboratorio,Primer Piso,0,0
01_Horario_Inicial,PROFESOR 7,6501/B,LENGUAJES Y AUTÓMATAS I,5,Jueves,15:16,15:17,1516,FFC,Teoría,Planta Alta,0,0
01_Horario_Inicial,PROFESOR 7,6501/B,LENGUAJES Y AUTÓMATAS I,5,Viernes,15:16,15:17,1516,FFC,Teoría,Planta Alta,0,0
01_Horario_Inicial,PROFESOR 7,6501/C,LENGUAJES Y AUTÓMATAS I,5,Lunes,17:18,17:19,1718,FFA,Teoría,Planta Alta,0,0
01_Horario_Inicial,PROFESOR 7,6501/C,LENGUAJES Y AUTÓMATAS I,5,Martes,17:18,17:19,1718,LCA,Laboratorio,Segundo Piso,0,0
01_Horario_Inicial,PROFESOR 7,6501/C,LENGUAJES Y AUTÓMATAS I,5,Miercoles,17:18,17:19,1718,FFA,Teoría,Planta Alta,0,0
01_Horario_Inicial,PROFESOR 7,6501/C,LENGUAJES Y AUTÓMATAS I,5,Jueves,17:18,17:19,1718,LCA,Laboratorio,Segundo Piso,0,0
01_Horario_Inicial,PROFESOR 7,6501/C,LENGUAJES Y AUTÓMATAS I,5,Viernes,17:18,17:19,1718,LCA,Laboratorio,Segundo Piso,0,0
01_Horario_Inicial,PROFESOR 7,6501/D,LENGUAJES Y AUTÓMATAS I,5,Lunes,18:19,18:20,1819,FFD,Teoría,Planta Alta,0,0
01_Horario_Inicial,PROFESOR 7,6501/D,LENGUAJES Y AUTÓMATAS I,5,Martes,18:19,18:20,1819,LCG1,Laboratorio,Primer Piso,0,0
01_Horario_Inicial,PROFESOR 7,6501/D,LENGUAJES Y AUTÓMATAS I,5,Miercoles,18:19,18:20,1819,FFD,Teoría,Planta Alta,0,0
01_Horario_Inicial,PROFESOR 7,6501/D,LENGUAJES Y AUTÓMATAS I,5,Jueves,18:19,18:20,1819,LCG1,Laboratorio,Primer Piso,0,0
01_Horario_Inicial,PROFESOR 7,6501/D,LENGUAJES Y AUTÓMATAS I,5,Viernes,18:19,18:20,1819,LCG1,Laboratorio,Primer Piso,0,0
01_Horario_Inicial,PROFESOR 8,6504/B,ADMINISTRACIÓN DE BASE DE DATOS,5,Lunes,10:11,10:12,1011,FF7,Teoría,Planta Baja,0,0
01_Horario_Inicial,PROFESOR 8,6504/B,ADMINISTRACIÓN DE BASE DE DATOS,5,Martes,10:11,10:12,1011,LIA,Laboratorio,Primer Piso,0,0
01_Horario_Inicial,PROFESOR 8,6504/B,ADMINISTRACIÓN DE BASE DE DATOS,5,Miercoles,10:11,10:12,1011,FF7,Teoría,Planta Baja,0,0
01_Horario_Inicial,PROFESOR 8,6504/B,ADMINISTRACIÓN DE BASE DE DATOS,5,Jueves,10:11,10:12,1011,LIA,Laboratorio,Primer Piso,0,0
01_Horario_Inicial,PROFESOR 8,6504/B,ADMINISTRACIÓN DE BASE DE DATOS,5,Viernes,10:11,10:12,1011,FF4,Teoría,Planta Baja,0,0
01_Horario_Inicial,PROFESOR 8,6506/B,INGENIERÍA DE SOFTWARE,5,Lunes,11:12,11:13,1112,FF7,Teoría,Planta Baja,0,0
01_Horario_Inicial,PROFESOR 8,6506/B,INGENIERÍA DE SOFTWARE,5,Martes,11:12,11:13,1112,LCA,Laboratorio,Segundo Piso,0,0
01_Horario_Inicial,PROFESOR 8,6506/B,INGENIERÍA DE SOFTWARE,5,Miercoles,11:12,11:13,1112,FF7,Teoría,Planta Baja,0,0
01_Horario_Inicial,PROFESOR 8,6506/B,INGENIERÍA DE SOFTWARE,5,Jueves,11:12,11:13,1112,LCA,Laboratorio,Segundo Piso,0,0
01_Horario_Inicial,PROFESOR 8,6506/B,INGENIERÍA DE SOFTWARE,5,Viernes,11:12,11:13,1112,LCA,Laboratorio,Segundo Piso,0,0
01_Horario_Inicial,PROFESOR 8,6504/A,ADMINISTRACIÓN DE BASE DE DATOS,5,Lunes,12:13,12:14,1213,FF7,Teoría,Planta Baja,0,0
01_Horario_Inicial,PROFESOR 8,6504/A,ADMINISTRACIÓN DE BASE DE DATOS,5,Martes,12:13,12:14,1213,LCA,Laboratorio,Segundo Piso,0,0
01_Horario_Inicial,PROFESOR 8,6504/A,ADMINISTRACIÓN DE BASE DE DATOS,5,Miercoles,12:13,12:14,1213,FF7,Teoría,Planta Baja,0,0
01_Horario_Inicial,PROFESOR 8,6504/A,ADMINISTRACIÓN DE BASE DE DATOS,5,Jueves,12:13,12:14,1213,LCA,Laboratorio,Segundo Piso,0,0
01_Horario_Inicial,PROFESOR 8,6504/A,ADMINISTRACIÓN DE BASE DE DATOS,5,Viernes,12:13,12:14,1213,LCA,Laboratorio,Segundo Piso,0,0
01_Horario_Inicial,PROFESOR 9,6506/A,INGENIERÍA DE SOFTWARE,5,Lunes,08:09,08:10,0809,FFB,Teoría,Planta Alta,0,0
01_Horario_Inicial,PROFESOR 9,6506/A,INGENIERÍA DE SOFTWARE,5,Martes,08:09,08:10,0809,FFB,Teoría,Planta Alta,0,0
01_Horario_Inicial,PROFESOR 9,6506/A,INGENIERÍA DE SOFTWARE,5,Miercoles,08:09,08:10,0809,FFB,Teoría,Planta Alta,0,0
01_Horario_Inicial,PROFESOR 9,6506/A,INGENIERÍA DE SOFTWARE,5,Jueves,08:09,08:10,0809,FFB,Teoría,Planta Alta,0,0
01_Horario_Inicial,PROFESOR 9,6506/A,INGENIERÍA DE SOFTWARE,5,Viernes,08:09,08:10,0809,FFB,Teoría,Planta Alta,0,0
01_Horario_Inicial,PROFESOR 9,5506/A,FUNDAMENTOS DE INGENIERÍA DE SOFTWARE,4,Lunes,09:10,09:11,0910,FFB,Teoría,Planta Alta,0,0
01_Horario_Inicial,PROFESOR 9,5506/A,FUNDAMENTOS DE INGENIERÍA DE SOFTWARE,4,Martes,09:10,09:11,0910,FFB,Teoría,Planta Alta,0,0
01_Horario_Inicial,PROFESOR 9,5506/A,FUNDAMENTOS DE INGENIERÍA DE SOFTWARE,4,Miercoles,09:10,09:11,0910,FFB,Teoría,Planta Alta,0,0
01_Horario_Inicial,PROFESOR 9,5506/A,FUNDAMENTOS DE INGENIERÍA DE SOFTWARE,4,Jueves,09:10,09:11,0910,FFB,Teoría,Planta Alta,0,0
01_Horario_Inicial,PROFESOR 9,7504/C,TALLER DE INVESTIGACIÓN I,4,Lunes,11:12,11:13,1112,LIA,Laboratorio,Primer Piso,0,0
01_Horario_Inicial,PROFESOR 9,7504/C,TALLER DE INVESTIGACIÓN I,4,Martes,11:12,11:13,1112,LIA,Laboratorio,Primer Piso,0,0
01_Horario_Inicial,PROFESOR 9,7504/C,TALLER DE INVESTIGACIÓN I,4,Miercoles,11:12,11:13,1112,LIA,Laboratorio,Primer Piso,0,0
01_Horario_Inicial,PROFESOR 9,7504/C,TALLER DE INVESTIGACIÓN I,4,Jueves,11:12,11:13,1112,LIA,Laboratorio,Primer Piso,0,0
01_Horario_Inicial,PROFESOR 9,5506/C,FUNDAMENTOS DE INGENIERÍA DE SOFTWARE,4,Lunes,13:14,13:15,1314,FFC,Teoría,Planta Alta,0,0
01_Horario_Inicial,PROFESOR 9,5506/C,FUNDAMENTOS DE INGENIERÍA DE SOFTWARE,4,Martes,13:14,13:15,1314,FFC,Teoría,Planta Alta,0,0
01_Horario_Inicial,PROFESOR 9,5506/C,FUNDAMENTOS DE INGENIERÍA DE SOFTWARE,4,Miercoles,13:14,13:15,1314,FFC,Teoría,Planta Alta,0,0
01_Horario_Inicial,PROFESOR 9,5506/C,FUNDAMENTOS DE INGENIERÍA DE SOFTWARE,4,Jueves,13:14,13:15,1314,FFC,Teoría,Planta Alta,0,0
01_Horario_Inicial,PROFESOR 9,7504/B,TALLER DE INVESTIGACIÓN I,4,Lunes,14:15,14:16,1415,FF7,Teoría,Planta Baja,0,0
01_Horario_Inicial,PROFESOR 9,7504/B,TALLER DE INVESTIGACIÓN I,4,Martes,14:15,14:16,1415,LCG1,Laboratorio,Primer Piso,0,0
01_Horario_Inicial,PROFESOR 9,7504/B,TALLER DE INVESTIGACIÓN I,4,Miercoles,14:15,14:16,1415,FF7,Teoría,Planta Baja,0,0
01_Horario_Inicial,PROFESOR 9,7504/B,TALLER DE INVESTIGACIÓN I,4,Jueves,14:15,14:16,1415,LCG1,Laboratorio,Primer Piso,0,0
01_Horario_Inicial,PROFESOR 10,4504/A,FUNDAMENTOS DE BASE DE DATOS,5,Lunes,09:10,09:11,0910,FF7,Teoría,Planta Baja,0,0
01_Horario_Inicial,PROFESOR 10,4504/A,FUNDAMENTOS DE BASE DE DATOS,5,Martes,09:10,09:11,0910,LCA,Laboratorio,Segundo Piso,0,0
01_Horario_Inicial,PROFESOR 10,4504/A,FUNDAMENTOS DE BASE DE DATOS,5,Miercoles,09:10,09:11,0910,FF7,Teoría,Planta Baja,0,0
01_Horario_Inicial,PROFESOR 10,4504/A,FUNDAMENTOS DE BASE DE DATOS,5,Jueves,09:10,09:11,0910,LCA,Laboratorio,Segundo Piso,0,0
01_Horario_Inicial,PROFESOR 10,4504/A,FUNDAMENTOS DE BASE DE DATOS,5,Viernes,09:10,09:11,0910,FF7,Teoría,Planta Baja,0,0
01_Horario_Inicial,PROFESOR 10,5504/C,TALLER DE BASE DE DATOS,4,Lunes,10:11,10:12,1011,LCA,Laboratorio,Segundo Piso,0,0
01_Horario_Inicial,PROFESOR 10,5504/C,TALLER DE BASE DE DATOS,4,Martes,10:11,10:12,1011,FF7,Teoría,Planta Baja,0,0
01_Horario_Inicial,PROFESOR 10,5504/C,TALLER DE BASE DE DATOS,4,Miercoles,10:11,10:12,1011,LCA,Laboratorio,Segundo Piso,0,0
01_Horario_Inicial,PROFESOR 10,5504/C,TALLER DE BASE DE DATOS,4,Jueves,10:11,10:12,1011,FF7,Teoría,Planta Baja,0,0
01_Horario_Inicial,PROFESOR 11,4504/B,FUNDAMENTOS DE BASE DE DATOS,5,Lunes,11:12,11:13,1112,LCG1,Laboratorio,Primer Piso,0,0
01_Horario_Inicial,PROFESOR 11,4504/B,FUNDAMENTOS DE BASE DE DATOS,5,Martes,11:12,11:13,1112,LCG1,Laboratorio,Primer Piso,0,0
01_Horario_Inicial,PROFESOR 11,4504/B,FUNDAMENTOS DE BASE DE DATOS,5,Miercoles,11:12,11:13,1112,LCG1,Laboratorio,Primer Piso,0,0
01_Horario_Inicial,PROFESOR 11,4504/B,FUNDAMENTOS DE BASE DE DATOS,5,Jueves,11:12,11:13,1112,LCG1,Laboratorio,Primer Piso,0,0
01_Horario_Inicial,PROFESOR 11,4504/B,FUNDAMENTOS DE BASE DE DATOS,5,Viernes,11:12,11:13,1112,LCG1,Laboratorio,Primer Piso,0,0
01_Horario_Inicial,PROFESOR 11,4114/A,FUNDAMENTOS DE BASE DE DATOS,5,Lunes,12:13,12:14,1213,AV2,INVÁLIDO,N/A,1,0
01_Horario_Inicial,PROFESOR 11,4114/A,FUNDAMENTOS DE BASE DE DATOS,5,Martes,12:13,12:14,1213,AV2,INVÁLIDO,N/A,1,0
01_Horario_Inicial,PROFESOR 11,4114/A,FUNDAMENTOS DE BASE DE DATOS,5,Miercoles,12:13,12:14,1213,AV2,INVÁLIDO,N/A,1,0
01_Horario_Inicial,PROFESOR 11,4114/A,FUNDAMENTOS DE BASE DE DATOS,5,Jueves,12:13,12:14,1213,AV2,INVÁLIDO,N/A,1,0
01_Horario_Inicial,PROFESOR 11,4114/A,FUNDAMENTOS DE BASE DE DATOS,5,Viernes,12:13,12:14,1213,AV2,INVÁLIDO,N/A,1,0
01_Horario_Inicial,PROFESOR 12,5504/B,TALLER DE BASE DE DATOS,4,Lunes,13:14,13:15,1314,FFB,Teoría,Planta Alta,0,0
01_Horario_Inicial,PROFESOR 12,5504/B,TALLER DE BASE DE DATOS,4,Martes,13:14,13:15,1314,LIA,Laboratorio,Primer Piso,0,0
01_Horario_Inicial,PROFESOR 12,5504/B,TALLER DE BASE DE DATOS,4,Miercoles,13:14,13:15,1314,FFB,Teoría,Planta Alta,0,0
01_Horario_Inicial,PROFESOR 12,5504/B,TALLER DE BASE DE DATOS,4,Jueves,13:14,13:15,1314,LIA,Laboratorio,Primer Piso,0,0
01_Horario_Inicial,PROFESOR 12,5504/A,TALLER DE BASE DE DATOS,4,Lunes,14:15,14:16,1415,LCG1,Laboratorio,Primer Piso,0,0
01_Horario_Inicial,PROFESOR 12,5504/A,TALLER DE BASE DE DATOS,4,Martes,14:15,14:16,1415,FFB,Teoría,Planta Alta,0,0
01_Horario_Inicial,PROFESOR 12,5504/A,TALLER DE BASE DE DATOS,4,Miercoles,14:15,14:16,1415,LCG1,Laboratorio,Primer Piso,0,0
01_Horario_Inicial,PROFESOR 12,5504/A,TALLER DE BASE DE DATOS,4,Jueves,14:15,14:16,1415,FFB,Teoría,Planta Alta,0,0
01_Horario_Inicial,PROFESOR 12,4504/C,FUNDAMENTOS DE BASE DE DATOS,5,Lunes,15:16,15:17,1516,LCG1,Laboratorio,Primer Piso,0,0
01_Horario_Inicial,PROFESOR 12,4504/C,FUNDAMENTOS DE BASE DE DATOS,5,Martes,15:16,15:17,1516,FFB,Teoría,Planta Alta,0,0
01_Horario_Inicial,PROFESOR 12,4504/C,FUNDAMENTOS DE BASE DE DATOS,5,Miercoles,15:16,15:17,1516,LCG1,Laboratorio,Primer Piso,0,0
01_Horario_Inicial,PROFESOR 12,4504/C,FUNDAMENTOS DE BASE DE DATOS,5,Jueves,15:16,15:17,1516,FFB,Teoría,Planta Alta,0,0
01_Horario_Inicial,PROFESOR 12,4504/C,FUNDAMENTOS DE BASE DE DATOS,5,Viernes,15:16,15:17,1516,LCG1,Laboratorio,Primer Piso,0,0
01_Horario_Inicial,PROFESOR 12,5114/A,TALLER DE BASE DE DATOS,4,Lunes,16:17,16:18,1617,AV1,INVÁLIDO,N/A,1,0
01_Horario_Inicial,PROFESOR 12,5114/A,TALLER DE BASE DE DATOS,4,Martes,16:17,16:18,1617,AV1,INVÁLIDO,N/A,1,0
01_Horario_Inicial,PROFESOR 12,5114/A,TALLER DE BASE DE DATOS,4,Miercoles,16:17,16:18,1617,AV1,INVÁLIDO,N/A,1,0
01_Horario_Inicial,PROFESOR 12,5114/A,TALLER DE BASE DE DATOS,4,Jueves,16:17,16:18,1617,AV1,INVÁLIDO,N/A,1,0
01_Horario_Inicial,PROFESOR 12,2531/E,PROGRAMACIÓN,4,Lunes,18:19,18:20,1819,FFC,Teoría,Planta Alta,0,0
01_Horario_Inicial,PROFESOR 12,2531/E,PROGRAMACIÓN,4,Martes,18:19,18:20,1819,LCG2,Laboratorio,Primer Piso,0,0
01_Horario_Inicial,PROFESOR 12,2531/E,PROGRAMACIÓN,4,Miercoles,18:19,18:20,1819,FFC,Teoría,Planta Alta,0,0
01_Horario_Inicial,PROFESOR 12,2531/E,PROGRAMACIÓN,4,Jueves,18:19,18:20,1819,LCG2,Laboratorio,Primer Piso,0,0
01_Horario_Inicial,PROFESOR 13,1502/B,FUNDAMENTOS DE PROGRAMACIÓN,5,Lunes,09:10,09:11,0910,FF3,Teoría,Planta Baja,0,1
01_Horario_Inicial,PROFESOR 13,1502/B,FUNDAMENTOS DE PROGRAMACIÓN,5,Martes,09:10,09:11,0910,FF3,Teoría,Planta Baja,0,1
01_Horario_Inicial,PROFESOR 13,1502/B,FUNDAMENTOS DE PROGRAMACIÓN,5,Miercoles,09:10,09:11,0910,FF3,Teoría,Planta Baja,0,1
01_Horario_Inicial,PROFESOR 13,1502/B,FUNDAMENTOS DE PROGRAMACIÓN,5,Jueves,09:10,09:11,0910,FF3,Teoría,Planta Baja,0,1
01_Horario_Inicial,PROFESOR 13,1502/B,FUNDAMENTOS DE PROGRAMACIÓN,5,Viernes,09:10,09:11,0910,FF3,Teoría,Planta Baja,0,1
01_Horario_Inicial,PROFESOR 13,750D/B,PROGRAMACIÓN WEB,5,Lunes,10:11,10:12,1011,LBD2,Laboratorio,Segundo Piso,0,0
01_Horario_Inicial,PROFESOR 13,750D/B,PROGRAMACIÓN WEB,5,Martes,10:11,10:12,1011,FF8,Teoría,Planta Alta,0,0
01_Horario_Inicial,PROFESOR 13,750D/B,PROGRAMACIÓN WEB,5,Miercoles,10:11,10:12,1011,LBD2,Laboratorio,Segundo Piso,0,0
01_Horario_Inicial,PROFESOR 13,750D/B,PROGRAMACIÓN WEB,5,Jueves,10:11,10:12,1011,FF8,Teoría,Planta Alta,0,0
01_Horario_Inicial,PROFESOR 13,750D/B,PROGRAMACIÓN WEB,5,Viernes,10:11,10:12,1011,LSO,Laboratorio,Primer Piso,0,0
01_Horario_Inicial,PROFESOR 14,3506/D,ESTRUCTURA DE DATOS,5,Lunes,16:17,16:18,1617,LR,Laboratorio,Primer Piso,0,0
01_Horario_Inicial,PROFESOR 14,3506/D,ESTRUCTURA DE DATOS,5,Martes,16:17,16:18,1617,LSO,Laboratorio,Primer Piso,0,0
01_Horario_Inicial,PROFESOR 14,3506/D,ESTRUCTURA DE DATOS,5,Miercoles,16:17,16:18,1617,LR,Laboratorio,Primer Piso,0,0
01_Horario_Inicial,PROFESOR 14,3506/D,ESTRUCTURA DE DATOS,5,Jueves,16:17,16:18,1617,LSO,Laboratorio,Primer Piso,0,0
01_Horario_Inicial,PROFESOR 14,3506/D,ESTRUCTURA DE DATOS,5,Viernes,16:17,16:18,1617,LR,Laboratorio,Primer Piso,0,0
01_Horario_Inicial,PROFESOR 14,2502/D,PROGRAMACIÓN ORIENTADA A OBJETOS,5,Lunes,17:18,17:19,1718,FFD,Teoría,Planta Alta,0,0
01_Horario_Inicial,PROFESOR 14,2502/D,PROGRAMACIÓN ORIENTADA A OBJETOS,5,Martes,17:18,17:19,1718,LCG1,Laboratorio,Primer Piso,0,0
01_Horario_Inicial,PROFESOR 14,2502/D,PROGRAMACIÓN ORIENTADA A OBJETOS,5,Miercoles,17:18,17:19,1718,FFD,Teoría,Planta Alta,0,0
01_Horario_Inicial,PROFESOR 14,2502/D,PROGRAMACIÓN ORIENTADA A OBJETOS,5,Jueves,17:18,17:19,1718,LCG1,Laboratorio,Primer Piso,0,0
01_Horario_Inicial,PROFESOR 14,2502/D,PROGRAMACIÓN ORIENTADA A OBJETOS,5,Viernes,17:18,17:19,1718,LBD,Laboratorio,Segundo Piso,0,0
01_Horario_Inicial,PROFESOR 14,4505/C,TÓPICOS AVANZADOS DE PROGRAMACIÓN,5,Lunes,18:19,18:20,1819,LSO,Laboratorio,Primer Piso,0,0
01_Horario_Inicial,PROFESOR 14,4505/C,TÓPICOS AVANZADOS DE PROGRAMACIÓN,5,Martes,18:19,18:20,1819,LSO,Laboratorio,Primer Piso,0,0
01_Horario_Inicial,PROFESOR 14,4505/C,TÓPICOS AVANZADOS DE PROGRAMACIÓN,5,Miercoles,18:19,18:20,1819,LSO,Laboratorio,Primer Piso,0,0
01_Horario_Inicial,PROFESOR 14,4505/C,TÓPICOS AVANZADOS DE PROGRAMACIÓN,5,Jueves,18:19,18:20,1819,LSO,Laboratorio,Primer Piso,0,0
01_Horario_Inicial,PROFESOR 14,4505/C,TÓPICOS AVANZADOS DE PROGRAMACIÓN,5,Viernes,18:19,18:20,1819,LSO,Laboratorio,Primer Piso,0,0
01_Horario_Inicial,PROFESOR 15,3506/A,ESTRUCTURA DE DATOS,5,Lunes,09:10,09:11,0910,LCG1,Laboratorio,Primer Piso,0,0
01_Horario_Inicial,PROFESOR 15,3506/A,ESTRUCTURA DE DATOS,5,Martes,09:10,09:11,0910,FFC,Teoría,Planta Alta,0,0
01_Horario_Inicial,PROFESOR 15,3506/A,ESTRUCTURA DE DATOS,5,Miercoles,09:10,09:11,0910,LCG1,Laboratorio,Primer Piso,0,0
01_Horario_Inicial,PROFESOR 15,3506/A,ESTRUCTURA DE DATOS,5,Jueves,09:10,09:11,0910,FFC,Teoría,Planta Alta,0,0
01_Horario_Inicial,PROFESOR 15,3506/A,ESTRUCTURA DE DATOS,5,Viernes,09:10,09:11,0910,FFC,Teoría,Planta Alta,0,0
01_Horario_Inicial,PROFESOR 15,2502/C,PROGRAMACIÓN ORIENTADA A OBJETOS,5,Lunes,10:11,10:12,1011,FFD,Teoría,Planta Alta,0,0
01_Horario_Inicial,PROFESOR 15,2502/C,PROGRAMACIÓN ORIENTADA A OBJETOS,5,Martes,10:11,10:12,1011,LCG2,Laboratorio,Primer Piso,0,0
01_Horario_Inicial,PROFESOR 15,2502/C,PROGRAMACIÓN ORIENTADA A OBJETOS,5,Miercoles,10:11,10:12,1011,FFD,Teoría,Planta Alta,0,0
01_Horario_Inicial,PROFESOR 15,2502/C,PROGRAMACIÓN ORIENTADA A OBJETOS,5,Jueves,10:11,10:12,1011,LCG2,Laboratorio,Primer Piso,0,0
01_Horario_Inicial,PROFESOR 15,2502/C,PROGRAMACIÓN ORIENTADA A OBJETOS,5,Viernes,10:11,10:12,1011,LIA,Laboratorio,Primer Piso,0,0
01_Horario_Inicial,PROFESOR 15,3116/A,ESTRUCTURA DE DATOS,5,Lunes,11:12,11:13,1112,AV1,INVÁLIDO,N/A,1,0
01_Horario_Inicial,PROFESOR 15,3116/A,ESTRUCTURA DE DATOS,5,Martes,11:12,11:13,1112,AV1,INVÁLIDO,N/A,1,0
01_Horario_Inicial,PROFESOR 15,3116/A,ESTRUCTURA DE DATOS,5,Miercoles,11:12,11:13,1112,AV1,INVÁLIDO,N/A,1,0
01_Horario_Inicial,PROFESOR 15,3116/A,ESTRUCTURA DE DATOS,5,Jueves,11:12,11:13,1112,AV1,INVÁLIDO,N/A,1,0
01_Horario_Inicial,PROFESOR 15,3116/A,ESTRUCTURA DE DATOS,5,Viernes,11:12,11:13,1112,AV1,INVÁLIDO,N/A,1,0
01_Horario_Inicial,PROFESOR 16,2531/C,PROGRAMACIÓN,4,Lunes,09:10,09:11,0910,LSO,Laboratorio,Primer Piso,0,0
01_Horario_Inicial,PROFESOR 16,2531/C,PROGRAMACIÓN,4,Martes,09:10,09:11,0910,FF7,Teoría,Planta Baja,0,0
01_Horario_Inicial,PROFESOR 16,2531/C,PROGRAMACIÓN,4,Miercoles,09:10,09:11,0910,LSO,Laboratorio,Primer Piso,0,0
01_Horario_Inicial,PROFESOR 16,2531/C,PROGRAMACIÓN,4,Jueves,09:10,09:11,0910,FF7,Teoría,Planta Baja,0,0
01_Horario_Inicial,PROFESOR 16,3505/A,SISTEMAS OPERATIVOS,4,Lunes,10:11,10:12,1011,FF6,Teoría,Planta Baja,0,0
01_Horario_Inicial,PROFESOR 16,3505/A,SISTEMAS OPERATIVOS,4,Martes,10:11,10:12,1011,FF3,Teoría,Planta Baja,0,0
01_Horario_Inicial,PROFESOR 16,3505/A,SISTEMAS OPERATIVOS,4,Miercoles,10:11,10:12,1011,FF6,Teoría,Planta Baja,0,0
01_Horario_Inicial,PROFESOR 16,3505/A,SISTEMAS OPERATIVOS,4,Jueves,10:11,10:12,1011,FF3,Teoría,Planta Baja,0,0
01_Horario_Inicial,PROFESOR 16,3505/C,SISTEMAS OPERATIVOS,4,Lunes,11:12,11:13,1112,LBD,Laboratorio,Segundo Piso,0,0
01_Horario_Inicial,PROFESOR 16,3505/C,SISTEMAS OPERATIVOS,4,Martes,11:12,11:13,1112,LBD,Laboratorio,Segundo Piso,0,0
01_Horario_Inicial,PROFESOR 16,3505/C,SISTEMAS OPERATIVOS,4,Miercoles,11:12,11:13,1112,LBD,Laboratorio,Segundo Piso,0,0
01_Horario_Inicial,PROFESOR 16,3505/C,SISTEMAS OPERATIVOS,4,Jueves,11:12,11:13,1112,LBD,Laboratorio,Segundo Piso,0,0
01_Horario_Inicial,PROFESOR 16,8504/C,ADMINISTRACIÓN DE REDES,4,Lunes,12:13,12:14,1213,LR,Laboratorio,Primer Piso,0,0
01_Horario_Inicial,PROFESOR 16,8504/C,ADMINISTRACIÓN DE REDES,4,Martes,12:13,12:14,1213,FF8,Teoría,Planta Alta,0,0
01_Horario_Inicial,PROFESOR 16,8504/C,ADMINISTRACIÓN DE REDES,4,Miercoles,12:13,12:14,1213,LR,Laboratorio,Primer Piso,0,0
01_Horario_Inicial,PROFESOR 16,8504/C,ADMINISTRACIÓN DE REDES,4,Jueves,12:13,12:14,1213,FF8,Teoría,Planta Alta,0,0
01_Horario_Inicial,PROFESOR 16,3505/B,SISTEMAS OPERATIVOS,4,Lunes,16:17,16:18,1617,LBD,Laboratorio,Segundo Piso,0,0
01_Horario_Inicial,PROFESOR 16,3505/B,SISTEMAS OPERATIVOS,4,Martes,16:17,16:18,1617,LBD,Laboratorio,Segundo Piso,0,0
01_Horario_Inicial,PROFESOR 16,3505/B,SISTEMAS OPERATIVOS,4,Miercoles,16:17,16:18,1617,LBD,Laboratorio,Segundo Piso,0,0
01_Horario_Inicial,PROFESOR 16,3505/B,SISTEMAS OPERATIVOS,4,Jueves,16:17,16:18,1617,LBD,Laboratorio,Segundo Piso,0,0
01_Horario_Inicial,PROFESOR 17,2502/A,PROGRAMACIÓN ORIENTADA A OBJETOS,5,Lunes,09:10,09:11,0910,FF5,Teoría,Planta Baja,0,0
01_Horario_Inicial,PROFESOR 17,2502/A,PROGRAMACIÓN ORIENTADA A OBJETOS,5,Martes,09:10,09:11,0910,LSO,Laboratorio,Primer Piso,0,0
01_Horario_Inicial,PROFESOR 17,2502/A,PROGRAMACIÓN ORIENTADA A OBJETOS,5,Miercoles,09:10,09:11,0910,FF5,Teoría,Planta Baja,0,0
01_Horario_Inicial,PROFESOR 17,2502/A,PROGRAMACIÓN ORIENTADA A OBJETOS,5,Jueves,09:10,09:11,0910,LSO,Laboratorio,Primer Piso,0,0
01_Horario_Inicial,PROFESOR 17,2502/A,PROGRAMACIÓN ORIENTADA A OBJETOS,5,Viernes,09:10,09:11,0910,LSO,Laboratorio,Primer Piso,0,0
01_Horario_Inicial,PROFESOR 17,850M/B,PROGRAMACIÓN NATIVA PARA MÓVILES,5,Lunes,10:11,10:12,1011,LCG1,Laboratorio,Primer Piso,0,0
01_Horario_Inicial,PROFESOR 17,850M/B,PROGRAMACIÓN NATIVA PARA MÓVILES,5,Martes,10:11,10:12,1011,FFB,Teoría,Planta Alta,0,0
01_Horario_Inicial,PROFESOR 17,850M/B,PROGRAMACIÓN NATIVA PARA MÓVILES,5,Miercoles,10:11,10:12,1011,LCG1,Laboratorio,Primer Piso,0,0
01_Horario_Inicial,PROFESOR 17,850M/B,PROGRAMACIÓN NATIVA PARA MÓVILES,5,Jueves,10:11,10:12,1011,FFB,Teoría,Planta Alta,0,0
01_Horario_Inicial,PROFESOR 17,850M/B,PROGRAMACIÓN NATIVA PARA MÓVILES,5,Viernes,10:11,10:12,1011,FFB,Teoría,Planta Alta,0,0
01_Horario_Inicial,PROFESOR 17,850N/A,INTERFACES PARA INTELIGENCIA DE NEGOCIOS,5,Lunes,11:12,11:13,1112,LR,Laboratorio,Primer Piso,0,0
01_Horario_Inicial,PROFESOR 17,850N/A,INTERFACES PARA INTELIGENCIA DE NEGOCIOS,5,Martes,11:12,11:13,1112,FF5,Teoría,Planta Baja,0,0
01_Horario_Inicial,PROFESOR 17,850N/A,INTERFACES PARA INTELIGENCIA DE NEGOCIOS,5,Miercoles,11:12,11:13,1112,LR,Laboratorio,Primer Piso,0,0
01_Horario_Inicial,PROFESOR 17,850N/A,INTERFACES PARA INTELIGENCIA DE NEGOCIOS,5,Jueves,11:12,11:13,1112,FF5,Teoría,Planta Baja,0,0
01_Horario_Inicial,PROFESOR 17,850N/A,INTERFACES PARA INTELIGENCIA DE NEGOCIOS,5,Viernes,11:12,11:13,1112,LR,Laboratorio,Primer Piso,0,0
01_Horario_Inicial,PROFESOR 17,4505/D,TÓPICOS AVANZADOS DE PROGRAMACIÓN,5,Lunes,13:14,13:15,1314,LCA,Laboratorio,Segundo Piso,0,0
01_Horario_Inicial,PROFESOR 17,4505/D,TÓPICOS AVANZADOS DE PROGRAMACIÓN,5,Martes,13:14,13:15,1314,LCA,Laboratorio,Segundo Piso,0,0
01_Horario_Inicial,PROFESOR 17,4505/D,TÓPICOS AVANZADOS DE PROGRAMACIÓN,5,Miercoles,13:14,13:15,1314,LCA,Laboratorio,Segundo Piso,0,0
01_Horario_Inicial,PROFESOR 17,4505/D,TÓPICOS AVANZADOS DE PROGRAMACIÓN,5,Jueves,13:14,13:15,1314,LCA,Laboratorio,Segundo Piso,0,0
01_Horario_Inicial,PROFESOR 17,4505/D,TÓPICOS AVANZADOS DE PROGRAMACIÓN,5,Viernes,13:14,13:15,1314,LCA,Laboratorio,Segundo Piso,0,0
01_Horario_Inicial,PROFESOR 18,850M/A,PROGRAMACIÓN NATIVA PARA MÓVILES,5,Lunes,09:10,09:11,0910,FFD,Teoría,Planta Alta,0,0
01_Horario_Inicial,PROFESOR 18,850M/A,PROGRAMACIÓN NATIVA PARA MÓVILES,5,Martes,09:10,09:11,0910,LBD,Laboratorio,Segundo Piso,0,0
01_Horario_Inicial,PROFESOR 18,850M/A,PROGRAMACIÓN NATIVA PARA MÓVILES,5,Miercoles,09:10,09:11,0910,FFD,Teoría,Planta Alta,0,0
01_Horario_Inicial,PROFESOR 18,850M/A,PROGRAMACIÓN NATIVA PARA MÓVILES,5,Jueves,09:10,09:11,0910,LBD,Laboratorio,Segundo Piso,0,0
01_Horario_Inicial,PROFESOR 18,850M/A,PROGRAMACIÓN NATIVA PARA MÓVILES,5,Viernes,09:10,09:11,0910,FFD,Teoría,Planta Alta,0,0
01_Horario_Inicial,PROFESOR 18,750I/B,TECNOLOGÍAS DE SERVICIOS WEB,5,Lunes,10:11,10:12,1011,FF5,Teoría,Planta Baja,0,0
01_Horario_Inicial,PROFESOR 18,750I/B,TECNOLOGÍAS DE SERVICIOS WEB,5,Martes,10:11,10:12,1011,LCA,Laboratorio,Segundo Piso,0,0
01_Horario_Inicial,PROFESOR 18,750I/B,TECNOLOGÍAS DE SERVICIOS WEB,5,Miercoles,10:11,10:12,1011,FF5,Teoría,Planta Baja,0,0
01_Horario_Inicial,PROFESOR 18,750I/B,TECNOLOGÍAS DE SERVICIOS WEB,5,Jueves,10:11,10:12,1011,LCA,Laboratorio,Segundo Piso,0,0
01_Horario_Inicial,PROFESOR 18,750I/B,TECNOLOGÍAS DE SERVICIOS WEB,5,Viernes,10:11,10:12,1011,LCA,Laboratorio,Segundo Piso,0,0
01_Horario_Inicial,PROFESOR 18,750H/B,ANÁLISIS Y DISEÑO DE ALGORITMOS,5,Lunes,16:17,16:18,1617,FFB,Teoría,Planta Alta,0,0
01_Horario_Inicial,PROFESOR 18,750H/B,ANÁLISIS Y DISEÑO DE ALGORITMOS,5,Martes,16:17,16:18,1617,FFB,Teoría,Planta Alta,0,0
01_Horario_Inicial,PROFESOR 18,750H/B,ANÁLISIS Y DISEÑO DE ALGORITMOS,5,Miercoles,16:17,16:18,1617,FFB,Teoría,Planta Alta,0,0
01_Horario_Inicial,PROFESOR 18,750H/B,ANÁLISIS Y DISEÑO DE ALGORITMOS,5,Jueves,16:17,16:18,1617,FFB,Teoría,Planta Alta,0,0
01_Horario_Inicial,PROFESOR 18,750H/B,ANÁLISIS Y DISEÑO DE ALGORITMOS,5,Viernes,16:17,16:18,1617,FFB,Teoría,Planta Alta,0,0
01_Horario_Inicial,PROFESOR 18,850O/B,TECNOLOGÍAS DE APLICACIONES WEB,5,Lunes,17:18,17:19,1718,FF3,Teoría,Planta Baja,0,0
01_Horario_Inicial,PROFESOR 18,850O/B,TECNOLOGÍAS DE APLICACIONES WEB,5,Martes,17:18,17:19,1718,LBD2,Laboratorio,Segundo Piso,0,0
01_Horario_Inicial,PROFESOR 18,850O/B,TECNOLOGÍAS DE APLICACIONES WEB,5,Miercoles,17:18,17:19,1718,FF3,Teoría,Planta Baja,0,0
01_Horario_Inicial,PROFESOR 18,850O/B,TECNOLOGÍAS DE APLICACIONES WEB,5,Jueves,17:18,17:19,1718,LBD2,Laboratorio,Segundo Piso,0,0
01_Horario_Inicial,PROFESOR 18,850O/B,TECNOLOGÍAS DE APLICACIONES WEB,5,Viernes,17:18,17:19,1718,FF3,Teoría,Planta Baja,0,0
01_Horario_Inicial,PROFESOR 19,8501/C,PROGRAMACIÓN LÓGICA Y FUNCIONAL,4,Lunes,11:12,11:13,1112,FFC,Teoría,Planta Alta,0,0
01_Horario_Inicial,PROFESOR 19,8501/C,PROGRAMACIÓN LÓGICA Y FUNCIONAL,4,Martes,11:12,11:13,1112,FFB,Teoría,Planta Alta,0,0
01_Horario_Inicial,PROFESOR 19,8501/C,PROGRAMACIÓN LÓGICA Y FUNCIONAL,4,Miercoles,11:12,11:13,1112,FFC,Teoría,Planta Alta,0,0
01_Horario_Inicial,PROFESOR 19,8501/C,PROGRAMACIÓN LÓGICA Y FUNCIONAL,4,Jueves,11:12,11:13,1112,FFB,Teoría,Planta Alta,0,0
01_Horario_Inicial,PROFESOR 19,8501/B,PROGRAMACIÓN LÓGICA Y FUNCIONAL,4,Lunes,12:13,12:14,1213,LCG2,Laboratorio,Primer Piso,0,0
01_Horario_Inicial,PROFESOR 19,8501/B,PROGRAMACIÓN LÓGICA Y FUNCIONAL,4,Martes,12:13,12:14,1213,FF7,Teoría,Planta Baja,0,0
01_Horario_Inicial,PROFESOR 19,8501/B,PROGRAMACIÓN LÓGICA Y FUNCIONAL,4,Miercoles,12:13,12:14,1213,LCG2,Laboratorio,Primer Piso,0,0
01_Horario_Inicial,PROFESOR 19,8501/B,PROGRAMACIÓN LÓGICA Y FUNCIONAL,4,Jueves,12:13,12:14,1213,FF7,Teoría,Planta Baja,0,0
01_Horario_Inicial,PROFESOR 19,8501/A,PROGRAMACIÓN LÓGICA Y FUNCIONAL,4,Lunes,13:14,13:15,1314,FF6,Teoría,Planta Baja,0,0
01_Horario_Inicial,PROFESOR 19,8501/A,PROGRAMACIÓN LÓGICA Y FUNCIONAL,4,Martes,13:14,13:15,1314,FF6,Teoría,Planta Baja,0,0
01_Horario_Inicial,PROFESOR 19,8501/A,PROGRAMACIÓN LÓGICA Y FUNCIONAL,4,Miercoles,13:14,13:15,1314,FF6,Teoría,Planta Baja,0,0
01_Horario_Inicial,PROFESOR 19,8501/A,PROGRAMACIÓN LÓGICA Y FUNCIONAL,4,Jueves,13:14,13:15,1314,FF6,Teoría,Planta Baja,0,0
01_Horario_Inicial,PROFESOR 20,8504/A,ADMINISTRACIÓN DE REDES,4,Lunes,07:08,07:09,0708,FF7,Teoría,Planta Baja,0,0
01_Horario_Inicial,PROFESOR 20,8504/A,ADMINISTRACIÓN DE REDES,4,Martes,07:08,07:09,0708,LR,Laboratorio,Primer Piso,0,0
01_Horario_Inicial,PROFESOR 20,8504/A,ADMINISTRACIÓN DE REDES,4,Miercoles,07:08,07:09,0708,FF7,Teoría,Planta Baja,0,0
01_Horario_Inicial,PROFESOR 20,8504/A,ADMINISTRACIÓN DE REDES,4,Jueves,07:08,07:09,0708,LR,Laboratorio,Primer Piso,0,0
01_Horario_Inicial,PROFESOR 20,6503/B,REDES DE COMPUTADORAS,5,Lunes,08:09,08:10,0809,FF7,Teoría,Planta Baja,0,0
01_Horario_Inicial,PROFESOR 20,6503/B,REDES DE COMPUTADORAS,5,Martes,08:09,08:10,0809,LR,Laboratorio,Primer Piso,0,0
01_Horario_Inicial,PROFESOR 20,6503/B,REDES DE COMPUTADORAS,5,Miercoles,08:09,08:10,0809,FF7,Teoría,Planta Baja,0,0
01_Horario_Inicial,PROFESOR 20,6503/B,REDES DE COMPUTADORAS,5,Jueves,08:09,08:10,0809,LR,Laboratorio,Primer Piso,0,0
01_Horario_Inicial,PROFESOR 20,6503/B,REDES DE COMPUTADORAS,5,Viernes,08:09,08:10,0809,LR,Laboratorio,Primer Piso,0,0
01_Horario_Inicial,PROFESOR 21,1502/A,FUNDAMENTOS DE PROGRAMACIÓN,5,Lunes,08:09,08:10,0809,FFA,Teoría,Planta Alta,0,1
01_Horario_Inicial,PROFESOR 21,1502/A,FUNDAMENTOS DE PROGRAMACIÓN,5,Martes,08:09,08:10,0809,FFA,Teoría,Planta Alta,0,1
01_Horario_Inicial,PROFESOR 21,1502/A,FUNDAMENTOS DE PROGRAMACIÓN,5,Miercoles,08:09,08:10,0809,FFA,Teoría,Planta Alta,0,1
01_Horario_Inicial,PROFESOR 21,1502/A,FUNDAMENTOS DE PROGRAMACIÓN,5,Jueves,08:09,08:10,0809,FFA,Teoría,Planta Alta,0,1
01_Horario_Inicial,PROFESOR 21,1502/A,FUNDAMENTOS DE PROGRAMACIÓN,5,Viernes,08:09,08:10,0809,FFA,Teoría,Planta Alta,0,1
01_Horario_Inicial,PROFESOR 21,6505/A,SIMULACIÓN,5,Lunes,10:11,10:12,1011,LSO,Laboratorio,Primer Piso,0,0
01_Horario_Inicial,PROFESOR 21,6505/A,SIMULACIÓN,5,Martes,10:11,10:12,1011,FFD,Teoría,Planta Alta,0,0
01_Horario_Inicial,PROFESOR 21,6505/A,SIMULACIÓN,5,Miercoles,10:11,10:12,1011,LSO,Laboratorio,Primer Piso,0,0
01_Horario_Inicial,PROFESOR 21,6505/A,SIMULACIÓN,5,Jueves,10:11,10:12,1011,FFD,Teoría,Planta Alta,0,0
01_Horario_Inicial,PROFESOR 21,6505/A,SIMULACIÓN,5,Viernes,10:11,10:12,1011,LR,Laboratorio,Primer Piso,0,0
01_Horario_Inicial,PROFESOR 21,6505/C,SIMULACIÓN,5,Lunes,11:12,11:13,1112,LSO,Laboratorio,Primer Piso,0,0
01_Horario_Inicial,PROFESOR 21,6505/C,SIMULACIÓN,5,Martes,11:12,11:13,1112,FF7,Teoría,Planta Baja,0,0
01_Horario_Inicial,PROFESOR 21,6505/C,SIMULACIÓN,5,Miercoles,11:12,11:13,1112,LSO,Laboratorio,Primer Piso,0,0
01_Horario_Inicial,PROFESOR 21,6505/C,SIMULACIÓN,5,Jueves,11:12,11:13,1112,FF7,Teoría,Planta Baja,0,0
01_Horario_Inicial,PROFESOR 21,6505/C,SIMULACIÓN,5,Viernes,11:12,11:13,1112,FF7,Teoría,Planta Baja,0,0
01_Horario_Inicial,PROFESOR 21,6505/B,SIMULACIÓN,5,Lunes,14:15,14:16,1415,FFA,Teoría,Planta Alta,0,0
01_Horario_Inicial,PROFESOR 21,6505/B,SIMULACIÓN,5,Martes,14:15,14:16,1415,LSO,Laboratorio,Primer Piso,0,0
01_Horario_Inicial,PROFESOR 21,6505/B,SIMULACIÓN,5,Miercoles,14:15,14:16,1415,FFA,Teoría,Planta Alta,0,0
01_Horario_Inicial,PROFESOR 21,6505/B,SIMULACIÓN,5,Jueves,14:15,14:16,1415,LSO,Laboratorio,Primer Piso,0,0
01_Horario_Inicial,PROFESOR 21,6505/B,SIMULACIÓN,5,Viernes,14:15,14:16,1415,LSO,Laboratorio,Primer Piso,0,0
01_Horario_Inicial,PROFESOR 22,2531/AA,PROGRAMACIÓN,4,Lunes,07:08,07:09,0708,LIA,Laboratorio,Primer Piso,0,0
01_Horario_Inicial,PROFESOR 22,2531/AA,PROGRAMACIÓN,4,Martes,07:08,07:09,0708,LSO,Laboratorio,Primer Piso,0,0
01_Horario_Inicial,PROFESOR 22,2531/AA,PROGRAMACIÓN,4,Miercoles,07:08,07:09,0708,LIA,Laboratorio,Primer Piso,0,0
01_Horario_Inicial,PROFESOR 22,2531/AA,PROGRAMACIÓN,4,Jueves,07:08,07:09,0708,LSO,Laboratorio,Primer Piso,0,0
01_Horario_Inicial,PROFESOR 22,2531/BA,PROGRAMACIÓN,4,Lunes,09:10,09:11,0910,LBD,Laboratorio,Segundo Piso,0,0
01_Horario_Inicial,PROFESOR 22,2531/BA,PROGRAMACIÓN,4,Martes,09:10,09:11,0910,FF2,Teoría,Planta Baja,0,0
01_Horario_Inicial,PROFESOR 22,2531/BA,PROGRAMACIÓN,4,Miercoles,09:10,09:11,0910,LBD,Laboratorio,Segundo Piso,0,0
01_Horario_Inicial,PROFESOR 22,2531/BA,PROGRAMACIÓN,4,Jueves,09:10,09:11,0910,FF2,Teoría,Planta Baja,0,0
01_Horario_Inicial,PROFESOR 22,3566/C,PROGRAMACIÓN,4,Lunes,12:13,12:14,1213,FF8,Teoría,Planta Alta,0,0
01_Horario_Inicial,PROFESOR 22,3566/C,PROGRAMACIÓN,4,Martes,12:13,12:14,1213,LR,Laboratorio,Primer Piso,0,0
01_Horario_Inicial,PROFESOR 22,3566/C,PROGRAMACIÓN,4,Miercoles,12:13,12:14,1213,FF8,Teoría,Planta Alta,0,0
01_Horario_Inicial,PROFESOR 22,3566/C,PROGRAMACIÓN,4,Jueves,12:13,12:14,1213,LR,Laboratorio,Primer Piso,0,0
01_Horario_Inicial,PROFESOR 22,4542/D,ALGORITMOS Y LENGUAJES DE PROGRAMACIÓN,4,Lunes,13:14,13:15,1314,FF5,Teoría,Planta Baja,0,0
01_Horario_Inicial,PROFESOR 22,4542/D,ALGORITMOS Y LENGUAJES DE PROGRAMACIÓN,4,Martes,13:14,13:15,1314,LCG1,Laboratorio,Primer Piso,0,0
01_Horario_Inicial,PROFESOR 22,4542/D,ALGORITMOS Y LENGUAJES DE PROGRAMACIÓN,4,Miercoles,13:14,13:15,1314,FF5,Teoría,Planta Baja,0,0
01_Horario_Inicial,PROFESOR 22,4542/D,ALGORITMOS Y LENGUAJES DE PROGRAMACIÓN,4,Jueves,13:14,13:15,1314,LCG1,Laboratorio,Primer Piso,0,0
01_Horario_Inicial,PROFESOR 22,1502/EA,FUNDAMENTOS DE PROGRAMACIÓN,5,Lunes,14:15,14:16,1415,FFB,Teoría,Planta Alta,0,1
01_Horario_Inicial,PROFESOR 22,1502/EA,FUNDAMENTOS DE PROGRAMACIÓN,5,Martes,14:15,14:16,1415,LBD,Laboratorio,Segundo Piso,0,1
01_Horario_Inicial,PROFESOR 22,1502/EA,FUNDAMENTOS DE PROGRAMACIÓN,5,Miercoles,14:15,14:16,1415,FFB,Teoría,Planta Alta,0,1
01_Horario_Inicial,PROFESOR 22,1502/EA,FUNDAMENTOS DE PROGRAMACIÓN,5,Jueves,14:15,14:16,1415,LBD,Laboratorio,Segundo Piso,0,1
01_Horario_Inicial,PROFESOR 22,1502/EA,FUNDAMENTOS DE PROGRAMACIÓN,5,Viernes,14:15,14:16,1415,LBD,Laboratorio,Segundo Piso,0,1
01_Horario_Inicial,PROFESOR 23,1561/B,CÁLCULO DIFERENCIAL,5,Lunes,09:10,09:11,0910,E11,INVÁLIDO,N/A,1,1
01_Horario_Inicial,PROFESOR 23,1561/B,CÁLCULO DIFERENCIAL,5,Martes,09:10,09:11,0910,E11,INVÁLIDO,N/A,1,1
01_Horario_Inicial,PROFESOR 23,1561/B,CÁLCULO DIFERENCIAL,5,Miercoles,09:10,09:11,0910,E11,INVÁLIDO,N/A,1,1
01_Horario_Inicial,PROFESOR 23,1561/B,CÁLCULO DIFERENCIAL,5,Jueves,09:10,09:11,0910,E11,INVÁLIDO,N/A,1,1
01_Horario_Inicial,PROFESOR 23,1561/B,CÁLCULO DIFERENCIAL,5,Viernes,09:10,09:11,0910,E11,INVÁLIDO,N/A,1,1
01_Horario_Inicial,PROFESOR 23,1504/A,MATEMÁTICAS DISCRETAS,5,Lunes,10:11,10:12,1011,FF2,Teoría,Planta Baja,0,1
01_Horario_Inicial,PROFESOR 23,1504/A,MATEMÁTICAS DISCRETAS,5,Martes,10:11,10:12,1011,FF2,Teoría,Planta Baja,0,1
01_Horario_Inicial,PROFESOR 23,1504/A,MATEMÁTICAS DISCRETAS,5,Miercoles,10:11,10:12,1011,FF2,Teoría,Planta Baja,0,1
01_Horario_Inicial,PROFESOR 23,1504/A,MATEMÁTICAS DISCRETAS,5,Jueves,10:11,10:12,1011,FF2,Teoría,Planta Baja,0,1
01_Horario_Inicial,PROFESOR 23,1504/A,MATEMÁTICAS DISCRETAS,5,Viernes,10:11,10:12,1011,FF2,Teoría,Planta Baja,0,1
01_Horario_Inicial,PROFESOR 23,850O/A,TECNOLOGÍAS DE APLICACIONES WEB,5,Lunes,14:15,14:16,1415,LIA,Laboratorio,Primer Piso,0,0
01_Horario_Inicial,PROFESOR 23,850O/A,TECNOLOGÍAS DE APLICACIONES WEB,5,Martes,14:15,14:16,1415,FFA,Teoría,Planta Alta,0,0
01_Horario_Inicial,PROFESOR 23,850O/A,TECNOLOGÍAS DE APLICACIONES WEB,5,Miercoles,14:15,14:16,1415,LIA,Laboratorio,Primer Piso,0,0
01_Horario_Inicial,PROFESOR 23,850O/A,TECNOLOGÍAS DE APLICACIONES WEB,5,Jueves,14:15,14:16,1415,FFA,Teoría,Planta Alta,0,0
01_Horario_Inicial,PROFESOR 23,850O/A,TECNOLOGÍAS DE APLICACIONES WEB,5,Viernes,14:15,14:16,1415,FFA,Teoría,Planta Alta,0,0
01_Horario_Inicial,PROFESOR 23,1504/F,MATEMÁTICAS DISCRETAS,5,Lunes,15:16,15:17,1516,FF7,Teoría,Planta Baja,0,1
01_Horario_Inicial,PROFESOR 23,1504/F,MATEMÁTICAS DISCRETAS,5,Martes,15:16,15:17,1516,FF7,Teoría,Planta Baja,0,1
01_Horario_Inicial,PROFESOR 23,1504/F,MATEMÁTICAS DISCRETAS,5,Miercoles,15:16,15:17,1516,FF7,Teoría,Planta Baja,0,1
01_Horario_Inicial,PROFESOR 23,1504/F,MATEMÁTICAS DISCRETAS,5,Jueves,15:16,15:17,1516,FF7,Teoría,Planta Baja,0,1
01_Horario_Inicial,PROFESOR 23,1504/F,MATEMÁTICAS DISCRETAS,5,Viernes,15:16,15:17,1516,FF7,Teoría,Planta Baja,0,1
01_Horario_Inicial,PROFESOR 24,7503/A,CONMUTACIÓN Y ENRUTAMIENTO EN REDES DE DATOS,5,Lunes,09:10,09:11,0910,LCG2,Laboratorio,Primer Piso,0,0
01_Horario_Inicial,PROFESOR 24,7503/A,CONMUTACIÓN Y ENRUTAMIENTO EN REDES DE DATOS,5,Martes,09:10,09:11,0910,FF6,Teoría,Planta Baja,0,0
01_Horario_Inicial,PROFESOR 24,7503/A,CONMUTACIÓN Y ENRUTAMIENTO EN REDES DE DATOS,5,Miercoles,09:10,09:11,0910,LCG2,Laboratorio,Primer Piso,0,0
01_Horario_Inicial,PROFESOR 24,7503/A,CONMUTACIÓN Y ENRUTAMIENTO EN REDES DE DATOS,5,Jueves,09:10,09:11,0910,FF6,Teoría,Planta Baja,0,0
01_Horario_Inicial,PROFESOR 24,7503/A,CONMUTACIÓN Y ENRUTAMIENTO EN REDES DE DATOS,5,Viernes,09:10,09:11,0910,LCG2,Laboratorio,Primer Piso,0,0
01_Horario_Inicial,PROFESOR 24,7503/B,CONMUTACIÓN Y ENRUTAMIENTO EN REDES DE DATOS,5,Lunes,10:11,10:12,1011,LR,Laboratorio,Primer Piso,0,0
01_Horario_Inicial,PROFESOR 24,7503/B,CONMUTACIÓN Y ENRUTAMIENTO EN REDES DE DATOS,5,Martes,10:11,10:12,1011,FFC,Teoría,Planta Alta,0,0
01_Horario_Inicial,PROFESOR 24,7503/B,CONMUTACIÓN Y ENRUTAMIENTO EN REDES DE DATOS,5,Miercoles,10:11,10:12,1011,LR,Laboratorio,Primer Piso,0,0
01_Horario_Inicial,PROFESOR 24,7503/B,CONMUTACIÓN Y ENRUTAMIENTO EN REDES DE DATOS,5,Jueves,10:11,10:12,1011,FFC,Teoría,Planta Alta,0,0
01_Horario_Inicial,PROFESOR 24,7503/B,CONMUTACIÓN Y ENRUTAMIENTO EN REDES DE DATOS,5,Viernes,10:11,10:12,1011,LBD2,Laboratorio,Segundo Piso,0,0
01_Horario_Inicial,PROFESOR 24,3556/D,PROGRAMACIÓN ESTRUCTURADA,5,Lunes,17:18,17:19,1718,LCG2,Laboratorio,Primer Piso,0,0
01_Horario_Inicial,PROFESOR 24,3556/D,PROGRAMACIÓN ESTRUCTURADA,5,Martes,17:18,17:19,1718,FFA,Teoría,Planta Alta,0,0
01_Horario_Inicial,PROFESOR 24,3556/D,PROGRAMACIÓN ESTRUCTURADA,5,Miercoles,17:18,17:19,1718,LCG2,Laboratorio,Primer Piso,0,0
01_Horario_Inicial,PROFESOR 24,3556/D,PROGRAMACIÓN ESTRUCTURADA,5,Jueves,17:18,17:19,1718,FFA,Teoría,Planta Alta,0,0
01_Horario_Inicial,PROFESOR 24,3556/D,PROGRAMACIÓN ESTRUCTURADA,5,Viernes,17:18,17:19,1718,LCG2,Laboratorio,Primer Piso,0,0
01_Horario_Inicial,PROFESOR 24,6503/C,REDES DE COMPUTADORAS,5,Lunes,18:19,18:20,1819,LR,Laboratorio,Primer Piso,0,0
01_Horario_Inicial,PROFESOR 24,6503/C,REDES DE COMPUTADORAS,5,Martes,18:19,18:20,1819,LR,Laboratorio,Primer Piso,0,0
01_Horario_Inicial,PROFESOR 24,6503/C,REDES DE COMPUTADORAS,5,Miercoles,18:19,18:20,1819,LR,Laboratorio,Primer Piso,0,0
01_Horario_Inicial,PROFESOR 24,6503/C,REDES DE COMPUTADORAS,5,Jueves,18:19,18:20,1819,LR,Laboratorio,Primer Piso,0,0
01_Horario_Inicial,PROFESOR 24,6503/C,REDES DE COMPUTADORAS,5,Viernes,18:19,18:20,1819,LR,Laboratorio,Primer Piso,0,0
01_Horario_Inicial,PROFESOR 25,2531/A,PROGRAMACIÓN,4,Lunes,07:08,07:09,0708,LSO,Laboratorio,Primer Piso,0,0
01_Horario_Inicial,PROFESOR 25,2531/A,PROGRAMACIÓN,4,Martes,07:08,07:09,0708,LIA,Laboratorio,Primer Piso,0,0
01_Horario_Inicial,PROFESOR 25,2531/A,PROGRAMACIÓN,4,Miercoles,07:08,07:09,0708,LSO,Laboratorio,Primer Piso,0,0
01_Horario_Inicial,PROFESOR 25,2531/A,PROGRAMACIÓN,4,Jueves,07:08,07:09,0708,LIA,Laboratorio,Primer Piso,0,0
01_Horario_Inicial,PROFESOR 25,3556/C,PROGRAMACIÓN ESTRUCTURADA,5,Lunes,08:09,08:10,0809,LCG2,Laboratorio,Primer Piso,0,0
01_Horario_Inicial,PROFESOR 25,3556/C,PROGRAMACIÓN ESTRUCTURADA,5,Martes,08:09,08:10,0809,FFD,Teoría,Planta Alta,0,0
01_Horario_Inicial,PROFESOR 25,3556/C,PROGRAMACIÓN ESTRUCTURADA,5,Miercoles,08:09,08:10,0809,LCG2,Laboratorio,Primer Piso,0,0
01_Horario_Inicial,PROFESOR 25,3556/C,PROGRAMACIÓN ESTRUCTURADA,5,Jueves,08:09,08:10,0809,FFD,Teoría,Planta Alta,0,0
01_Horario_Inicial,PROFESOR 25,3556/C,PROGRAMACIÓN ESTRUCTURADA,5,Viernes,08:09,08:10,0809,LCG2,Laboratorio,Primer Piso,0,0
01_Horario_Inicial,PROFESOR 25,2531/B,PROGRAMACIÓN,4,Lunes,09:10,09:11,0910,FFA,Teoría,Planta Alta,0,0
01_Horario_Inicial,PROFESOR 25,2531/B,PROGRAMACIÓN,4,Martes,09:10,09:11,0910,LCG2,Laboratorio,Primer Piso,0,0
01_Horario_Inicial,PROFESOR 25,2531/B,PROGRAMACIÓN,4,Miercoles,09:10,09:11,0910,FFA,Teoría,Planta Alta,0,0
01_Horario_Inicial,PROFESOR 25,2531/B,PROGRAMACIÓN,4,Jueves,09:10,09:11,0910,LCG2,Laboratorio,Primer Piso,0,0
01_Horario_Inicial,PROFESOR 25,2605/A,COMPUTACIÓN PARA INGENIERÍA PETROLERA,5,Lunes,10:11,10:12,1011,LCG2,Laboratorio,Primer Piso,0,0
01_Horario_Inicial,PROFESOR 25,2605/A,COMPUTACIÓN PARA INGENIERÍA PETROLERA,5,Martes,10:11,10:12,1011,FF5,Teoría,Planta Baja,0,0
01_Horario_Inicial,PROFESOR 25,2605/A,COMPUTACIÓN PARA INGENIERÍA PETROLERA,5,Miercoles,10:11,10:12,1011,LCG2,Laboratorio,Primer Piso,0,0
01_Horario_Inicial,PROFESOR 25,2605/A,COMPUTACIÓN PARA INGENIERÍA PETROLERA,5,Jueves,10:11,10:12,1011,FF5,Teoría,Planta Baja,0,0
01_Horario_Inicial,PROFESOR 25,2605/A,COMPUTACIÓN PARA INGENIERÍA PETROLERA,5,Viernes,10:11,10:12,1011,LCG2,Laboratorio,Primer Piso,0,0
01_Horario_Inicial,PROFESOR 26,7506/C,GESTIÓN DE PROYECTOS DE SOFTWARE,6,Lunes,09:10,09:11,0910,FF9,Teoría,Planta Alta,0,0
01_Horario_Inicial,PROFESOR 26,7506/C,GESTIÓN DE PROYECTOS DE SOFTWARE,6,Martes,09:10,09:11,0910,FF9,Teoría,Planta Alta,0,0
01_Horario_Inicial,PROFESOR 26,7506/C,GESTIÓN DE PROYECTOS DE SOFTWARE,6,Miercoles,09:10,09:11,0910,FF9,Teoría,Planta Alta,0,0
01_Horario_Inicial,PROFESOR 26,7506/C,GESTIÓN DE PROYECTOS DE SOFTWARE,6,Jueves,09:10,09:11,0910,FF9,Teoría,Planta Alta,0,0
01_Horario_Inicial,PROFESOR 26,7506/C,GESTIÓN DE PROYECTOS DE SOFTWARE,6,Viernes,09:11,09:12,0911,FF9,Teoría,Planta Alta,0,0
01_Horario_Inicial,PROFESOR 26,8505/A,TALLER DE INVESTIGACIÓN II,4,Lunes,10:11,10:12,1011,FF9,Teoría,Planta Alta,0,0
01_Horario_Inicial,PROFESOR 26,8505/A,TALLER DE INVESTIGACIÓN II,4,Martes,10:11,10:12,1011,FF9,Teoría,Planta Alta,0,0
01_Horario_Inicial,PROFESOR 26,8505/A,TALLER DE INVESTIGACIÓN II,4,Miercoles,10:11,10:12,1011,FF9,Teoría,Planta Alta,0,0
01_Horario_Inicial,PROFESOR 26,8505/A,TALLER DE INVESTIGACIÓN II,4,Jueves,10:11,10:12,1011,FF9,Teoría,Planta Alta,0,0
01_Horario_Inicial,PROFESOR 26,7506/A,GESTIÓN DE PROYECTOS DE SOFTWARE,6,Lunes,12:13,12:14,1213,FF9,Teoría,Planta Alta,0,0
01_Horario_Inicial,PROFESOR 26,7506/A,GESTIÓN DE PROYECTOS DE SOFTWARE,6,Martes,12:13,12:14,1213,FF9,Teoría,Planta Alta,0,0
01_Horario_Inicial,PROFESOR 26,7506/A,GESTIÓN DE PROYECTOS DE SOFTWARE,6,Miercoles,12:13,12:14,1213,FF9,Teoría,Planta Alta,0,0
01_Horario_Inicial,PROFESOR 26,7506/A,GESTIÓN DE PROYECTOS DE SOFTWARE,6,Jueves,12:13,12:14,1213,FF9,Teoría,Planta Alta,0,0
01_Horario_Inicial,PROFESOR 26,7506/A,GESTIÓN DE PROYECTOS DE SOFTWARE,6,Viernes,12:14,12:15,1214,FF9,Teoría,Planta Alta,0,0
01_Horario_Inicial,PROFESOR 26,7504/A,TALLER DE INVESTIGACIÓN I,4,Lunes,13:14,13:15,1314,FF9,Teoría,Planta Alta,0,0
01_Horario_Inicial,PROFESOR 26,7504/A,TALLER DE INVESTIGACIÓN I,4,Martes,13:14,13:15,1314,FF9,Teoría,Planta Alta,0,0
01_Horario_Inicial,PROFESOR 26,7504/A,TALLER DE INVESTIGACIÓN I,4,Miercoles,13:14,13:15,1314,FF9,Teoría,Planta Alta,0,0
01_Horario_Inicial,PROFESOR 26,7504/A,TALLER DE INVESTIGACIÓN I,4,Jueves,13:14,13:15,1314,FF9,Teoría,Planta Alta,0,0
01_Horario_Inicial,PROFESOR 27,4542/AA,ALGORITMOS Y LENGUAJES DE PROGRAMACIÓN,4,Lunes,09:10,09:11,0910,FFC,Teoría,Planta Alta,0,0
01_Horario_Inicial,PROFESOR 27,4542/AA,ALGORITMOS Y LENGUAJES DE PROGRAMACIÓN,4,Martes,09:10,09:11,0910,LCG1,Laboratorio,Primer Piso,0,0
01_Horario_Inicial,PROFESOR 27,4542/AA,ALGORITMOS Y LENGUAJES DE PROGRAMACIÓN,4,Miercoles,09:10,09:11,0910,FFC,Teoría,Planta Alta,0,0
01_Horario_Inicial,PROFESOR 27,4542/AA,ALGORITMOS Y LENGUAJES DE PROGRAMACIÓN,4,Jueves,09:10,09:11,0910,LCG1,Laboratorio,Primer Piso,0,0
01_Horario_Inicial,PROFESOR 27,4542/BA,ALGORITMOS Y LENGUAJES DE PROGRAMACIÓN,4,Lunes,10:11,10:12,1011,FFB,Teoría,Planta Alta,0,0
01_Horario_Inicial,PROFESOR 27,4542/BA,ALGORITMOS Y LENGUAJES DE PROGRAMACIÓN,4,Martes,10:11,10:12,1011,LR,Laboratorio,Primer Piso,0,0
01_Horario_Inicial,PROFESOR 27,4542/BA,ALGORITMOS Y LENGUAJES DE PROGRAMACIÓN,4,Miercoles,10:11,10:12,1011,FFB,Teoría,Planta Alta,0,0
01_Horario_Inicial,PROFESOR 27,4542/BA,ALGORITMOS Y LENGUAJES DE PROGRAMACIÓN,4,Jueves,10:11,10:12,1011,LR,Laboratorio,Primer Piso,0,0
01_Horario_Inicial,PROFESOR 27,2515/A,ALGORITMOS Y PROGRAMACIÓN,4,Lunes,11:12,11:13,1112,FFB,Teoría,Planta Alta,0,0
01_Horario_Inicial,PROFESOR 27,2515/A,ALGORITMOS Y PROGRAMACIÓN,4,Martes,11:12,11:13,1112,LBD2,Laboratorio,Segundo Piso,0,0
01_Horario_Inicial,PROFESOR 27,2515/A,ALGORITMOS Y PROGRAMACIÓN,4,Miercoles,11:12,11:13,1112,FFB,Teoría,Planta Alta,0,0
01_Horario_Inicial,PROFESOR 27,2515/A,ALGORITMOS Y PROGRAMACIÓN,4,Jueves,11:12,11:13,1112,LBD2,Laboratorio,Segundo Piso,0,0
01_Horario_Inicial,PROFESOR 27,4542/C,ALGORITMOS Y LENGUAJES DE PROGRAMACIÓN,4,Lunes,12:13,12:14,1213,FF1,Teoría,Planta Baja,0,0
01_Horario_Inicial,PROFESOR 27,4542/C,ALGORITMOS Y LENGUAJES DE PROGRAMACIÓN,4,Martes,12:13,12:14,1213,LCG1,Laboratorio,Primer Piso,0,0
01_Horario_Inicial,PROFESOR 27,4542/C,ALGORITMOS Y LENGUAJES DE PROGRAMACIÓN,4,Miercoles,12:13,12:14,1213,FF1,Teoría,Planta Baja,0,0
01_Horario_Inicial,PROFESOR 27,4542/C,ALGORITMOS Y LENGUAJES DE PROGRAMACIÓN,4,Jueves,12:13,12:14,1213,LCG1,Laboratorio,Primer Piso,0,0
01_Horario_Inicial,PROFESOR 28,6115/A,SIMULACIÓN,5,Lunes,13:14,13:15,1314,AV4,INVÁLIDO,N/A,1,0
01_Horario_Inicial,PROFESOR 28,6115/A,SIMULACIÓN,5,Martes,13:14,13:15,1314,AV4,INVÁLIDO,N/A,1,0
01_Horario_Inicial,PROFESOR 28,6115/A,SIMULACIÓN,5,Miercoles,13:14,13:15,1314,AV4,INVÁLIDO,N/A,1,0
01_Horario_Inicial,PROFESOR 28,6115/A,SIMULACIÓN,5,Jueves,13:14,13:15,1314,AV4,INVÁLIDO,N/A,1,0
01_Horario_Inicial,PROFESOR 28,6115/A,SIMULACIÓN,5,Viernes,13:14,13:15,1314,AV4,INVÁLIDO,N/A,1,0
01_Horario_Inicial,PROFESOR 29,3566/D,PROGRAMACIÓN,4,Lunes,11:12,11:13,1112,FF6,Teoría,Planta Baja,0,0
01_Horario_Inicial,PROFESOR 29,3566/D,PROGRAMACIÓN,4,Martes,11:12,11:13,1112,LR,Laboratorio,Primer Piso,0,0
01_Horario_Inicial,PROFESOR 29,3566/D,PROGRAMACIÓN,4,Miercoles,11:12,11:13,1112,FF6,Teoría,Planta Baja,0,0
01_Horario_Inicial,PROFESOR 29,3566/D,PROGRAMACIÓN,4,Jueves,11:12,11:13,1112,LR,Laboratorio,Primer Piso,0,0
01_Horario_Inicial,PROFESOR 29,4542/CA,ALGORITMOS Y LENGUAJES DE PROGRAMACIÓN,4,Lunes,12:13,12:14,1213,LSO,Laboratorio,Primer Piso,0,0
01_Horario_Inicial,PROFESOR 29,4542/CA,ALGORITMOS Y LENGUAJES DE PROGRAMACIÓN,4,Martes,12:13,12:14,1213,FF1,Teoría,Planta Baja,0,0
01_Horario_Inicial,PROFESOR 29,4542/CA,ALGORITMOS Y LENGUAJES DE PROGRAMACIÓN,4,Miercoles,12:13,12:14,1213,LSO,Laboratorio,Primer Piso,0,0
01_Horario_Inicial,PROFESOR 29,4542/CA,ALGORITMOS Y LENGUAJES DE PROGRAMACIÓN,4,Jueves,12:13,12:14,1213,FF1,Teoría,Planta Baja,0,0
01_Horario_Inicial,PROFESOR 29,2515/B,ALGORITMOS Y PROGRAMACIÓN,4,Lunes,14:15,14:16,1415,LCA,Laboratorio,Segundo Piso,0,0
01_Horario_Inicial,PROFESOR 29,2515/B,ALGORITMOS Y PROGRAMACIÓN,4,Martes,14:15,14:16,1415,FF7,Teoría,Planta Baja,0,0
01_Horario_Inicial,PROFESOR 29,2515/B,ALGORITMOS Y PROGRAMACIÓN,4,Miercoles,14:15,14:16,1415,LCA,Laboratorio,Segundo Piso,0,0
01_Horario_Inicial,PROFESOR 29,2515/B,ALGORITMOS Y PROGRAMACIÓN,4,Jueves,14:15,14:16,1415,FF7,Teoría,Planta Baja,0,0
01_Horario_Inicial,PROFESOR 29,2515/C,ALGORITMOS Y PROGRAMACIÓN,4,Lunes,15:16,15:17,1516,FFC,Teoría,Planta Alta,0,0
01_Horario_Inicial,PROFESOR 29,2515/C,ALGORITMOS Y PROGRAMACIÓN,4,Martes,15:16,15:17,1516,LCG1,Laboratorio,Primer Piso,0,0
01_Horario_Inicial,PROFESOR 29,2515/C,ALGORITMOS Y PROGRAMACIÓN,4,Miercoles,15:16,15:17,1516,FFC,Teoría,Planta Alta,0,0
01_Horario_Inicial,PROFESOR 29,2515/C,ALGORITMOS Y PROGRAMACIÓN,4,Jueves,15:16,15:17,1516,LCG1,Laboratorio,Primer Piso,0,0
01_Horario_Inicial,PROFESOR 29,2531/F,PROGRAMACIÓN,4,Lunes,17:18,17:19,1718,LSO,Laboratorio,Primer Piso,0,0
01_Horario_Inicial,PROFESOR 29,2531/F,PROGRAMACIÓN,4,Martes,17:18,17:19,1718,FF3,Teoría,Planta Baja,0,0
01_Horario_Inicial,PROFESOR 29,2531/F,PROGRAMACIÓN,4,Miercoles,17:18,17:19,1718,LSO,Laboratorio,Primer Piso,0,0
01_Horario_Inicial,PROFESOR 29,2531/F,PROGRAMACIÓN,4,Jueves,17:18,17:19,1718,FF3,Teoría,Planta Baja,0,0
01_Horario_Inicial,PROFESOR 30,4504/D,FUNDAMENTOS DE BASE DE DATOS,5,Lunes,10:11,10:12,1011,FF1,Teoría,Planta Baja,0,0
01_Horario_Inicial,PROFESOR 30,4504/D,FUNDAMENTOS DE BASE DE DATOS,5,Martes,10:11,10:12,1011,FF1,Teoría,Planta Baja,0,0
01_Horario_Inicial,PROFESOR 30,4504/D,FUNDAMENTOS DE BASE DE DATOS,5,Miercoles,10:11,10:12,1011,FF1,Teoría,Planta Baja,0,0
01_Horario_Inicial,PROFESOR 30,4504/D,FUNDAMENTOS DE BASE DE DATOS,5,Jueves,10:11,10:12,1011,FF1,Teoría,Planta Baja,0,0
01_Horario_Inicial,PROFESOR 30,4504/D,FUNDAMENTOS DE BASE DE DATOS,5,Viernes,10:11,10:12,1011,FF1,Teoría,Planta Baja,0,0
01_Horario_Inicial,PROFESOR 30,8505/B,TALLER DE INVESTIGACIÓN II,4,Lunes,11:12,11:13,1112,FF8,Teoría,Planta Alta,0,0
01_Horario_Inicial,PROFESOR 30,8505/B,TALLER DE INVESTIGACIÓN II,4,Martes,11:12,11:13,1112,FF8,Teoría,Planta Alta,0,0
01_Horario_Inicial,PROFESOR 30,8505/B,TALLER DE INVESTIGACIÓN II,4,Miercoles,11:12,11:13,1112,FF8,Teoría,Planta Alta,0,0
01_Horario_Inicial,PROFESOR 30,8505/B,TALLER DE INVESTIGACIÓN II,4,Jueves,11:12,11:13,1112,FF8,Teoría,Planta Alta,0,0
01_Horario_Inicial,PROFESOR 30,8505/C,TALLER DE INVESTIGACIÓN II,4,Lunes,13:14,13:15,1314,FF8,Teoría,Planta Alta,0,0
01_Horario_Inicial,PROFESOR 30,8505/C,TALLER DE INVESTIGACIÓN II,4,Martes,13:14,13:15,1314,FF8,Teoría,Planta Alta,0,0
01_Horario_Inicial,PROFESOR 30,8505/C,TALLER DE INVESTIGACIÓN II,4,Miercoles,13:14,13:15,1314,FF8,Teoría,Planta Alta,0,0
01_Horario_Inicial,PROFESOR 30,8505/C,TALLER DE INVESTIGACIÓN II,4,Jueves,13:14,13:15,1314,FF8,Teoría,Planta Alta,0,0
01_Horario_Inicial,PROFESOR 30,1504/E,MATEMÁTICAS DISCRETAS,5,Lunes,14:15,14:16,1415,FF2,Teoría,Planta Baja,0,1
01_Horario_Inicial,PROFESOR 30,1504/E,MATEMÁTICAS DISCRETAS,5,Martes,14:15,14:16,1415,FF2,Teoría,Planta Baja,0,1
01_Horario_Inicial,PROFESOR 30,1504/E,MATEMÁTICAS DISCRETAS,5,Miercoles,14:15,14:16,1415,FF2,Teoría,Planta Baja,0,1
01_Horario_Inicial,PROFESOR 30,1504/E,MATEMÁTICAS DISCRETAS,5,Jueves,14:15,14:16,1415,FF2,Teoría,Planta Baja,0,1
01_Horario_Inicial,PROFESOR 30,1504/E,MATEMÁTICAS DISCRETAS,5,Viernes,14:15,14:16,1415,FF2,Teoría,Planta Baja,0,1
01_Horario_Inicial,PROFESOR 30,1504/D,MATEMÁTICAS DISCRETAS,5,Lunes,15:16,15:17,1516,FF5,Teoría,Planta Baja,0,1
01_Horario_Inicial,PROFESOR 30,1504/D,MATEMÁTICAS DISCRETAS,5,Martes,15:16,15:17,1516,FF5,Teoría,Planta Baja,0,1
01_Horario_Inicial,PROFESOR 30,1504/D,MATEMÁTICAS DISCRETAS,5,Miercoles,15:16,15:17,1516,FF5,Teoría,Planta Baja,0,1
01_Horario_Inicial,PROFESOR 30,1504/D,MATEMÁTICAS DISCRETAS,5,Jueves,15:16,15:17,1516,FF5,Teoría,Planta Baja,0,1
01_Horario_Inicial,PROFESOR 30,1504/D,MATEMÁTICAS DISCRETAS,5,Viernes,15:16,15:17,1516,FF5,Teoría,Planta Baja,0,1
01_Horario_Inicial,PROFESOR 31,3556/A,PROGRAMACIÓN ESTRUCTURADA,5,Lunes,11:12,11:13,1112,LCG2,Laboratorio,Primer Piso,0,0
01_Horario_Inicial,PROFESOR 31,3556/A,PROGRAMACIÓN ESTRUCTURADA,5,Martes,11:12,11:13,1112,FFC,Teoría,Planta Alta,0,0
01_Horario_Inicial,PROFESOR 31,3556/A,PROGRAMACIÓN ESTRUCTURADA,5,Miercoles,11:12,11:13,1112,LCG2,Laboratorio,Primer Piso,0,0
01_Horario_Inicial,PROFESOR 31,3556/A,PROGRAMACIÓN ESTRUCTURADA,5,Jueves,11:12,11:13,1112,FFC,Teoría,Planta Alta,0,0
01_Horario_Inicial,PROFESOR 31,3556/A,PROGRAMACIÓN ESTRUCTURADA,5,Viernes,11:12,11:13,1112,LCG2,Laboratorio,Primer Piso,0,0
01_Horario_Inicial,PROFESOR 31,4556/A,PROGRAMACIÓN VISUAL,5,Lunes,13:14,13:15,1314,LBD2,Laboratorio,Segundo Piso,0,0
01_Horario_Inicial,PROFESOR 31,4556/A,PROGRAMACIÓN VISUAL,5,Martes,13:14,13:15,1314,FF5,Teoría,Planta Baja,0,0
01_Horario_Inicial,PROFESOR 31,4556/A,PROGRAMACIÓN VISUAL,5,Miercoles,13:14,13:15,1314,LBD2,Laboratorio,Segundo Piso,0,0
01_Horario_Inicial,PROFESOR 31,4556/A,PROGRAMACIÓN VISUAL,5,Jueves,13:14,13:15,1314,FF5,Teoría,Planta Baja,0,0
01_Horario_Inicial,PROFESOR 31,4556/A,PROGRAMACIÓN VISUAL,5,Viernes,13:14,13:15,1314,LBD2,Laboratorio,Segundo Piso,0,0
01_Horario_Inicial,PROFESOR 32,6506/C,INGENIERÍA DE SOFTWARE,5,Lunes,14:15,14:16,1415,FF8,Teoría,Planta Alta,0,0
01_Horario_Inicial,PROFESOR 32,6506/C,INGENIERÍA DE SOFTWARE,5,Martes,14:15,14:16,1415,LCG2,Laboratorio,Primer Piso,0,0
01_Horario_Inicial,PROFESOR 32,6506/C,INGENIERÍA DE SOFTWARE,5,Miercoles,14:15,14:16,1415,FF8,Teoría,Planta Alta,0,0
01_Horario_Inicial,PROFESOR 32,6506/C,INGENIERÍA DE SOFTWARE,5,Jueves,14:15,14:16,1415,LCG2,Laboratorio,Primer Piso,0,0
01_Horario_Inicial,PROFESOR 32,6506/C,INGENIERÍA DE SOFTWARE,5,Viernes,14:15,14:16,1415,LCG2,Laboratorio,Primer Piso,0,0
01_Horario_Inicial,PROFESOR 32,7506/B,GESTIÓN DE PROYECTOS DE SOFTWARE,6,Lunes,16:17,16:18,1617,FFA,Teoría,Planta Alta,0,0
01_Horario_Inicial,PROFESOR 32,7506/B,GESTIÓN DE PROYECTOS DE SOFTWARE,6,Martes,16:17,16:18,1617,FFA,Teoría,Planta Alta,0,0
01_Horario_Inicial,PROFESOR 32,7506/B,GESTIÓN DE PROYECTOS DE SOFTWARE,6,Miercoles,16:17,16:18,1617,FFA,Teoría,Planta Alta,0,0
01_Horario_Inicial,PROFESOR 32,7506/B,GESTIÓN DE PROYECTOS DE SOFTWARE,6,Jueves,16:17,16:18,1617,FFA,Teoría,Planta Alta,0,0
01_Horario_Inicial,PROFESOR 32,7506/B,GESTIÓN DE PROYECTOS DE SOFTWARE,6,Viernes,16:18,16:19,1618,FFA,Teoría,Planta Alta,0,0
01_Horario_Inicial,PROFESOR 32,5506/B,FUNDAMENTOS DE INGENIERÍA DE SOFTWARE,4,Lunes,18:19,18:20,1819,FF4,Teoría,Planta Baja,0,0
01_Horario_Inicial,PROFESOR 32,5506/B,FUNDAMENTOS DE INGENIERÍA DE SOFTWARE,4,Martes,18:19,18:20,1819,FF4,Teoría,Planta Baja,0,0
01_Horario_Inicial,PROFESOR 32,5506/B,FUNDAMENTOS DE INGENIERÍA DE SOFTWARE,4,Miercoles,18:19,18:20,1819,FF4,Teoría,Planta Baja,0,0
01_Horario_Inicial,PROFESOR 32,5506/B,FUNDAMENTOS DE INGENIERÍA DE SOFTWARE,4,Jueves,18:19,18:20,1819,FF4,Teoría,Planta Baja,0,0
01_Horario_Inicial,PROFESOR 33,4505/B,TÓPICOS AVANZADOS DE PROGRAMACIÓN,5,Lunes,10:11,10:12,1011,LIA,Laboratorio,Primer Piso,0,0
01_Horario_Inicial,PROFESOR 33,4505/B,TÓPICOS AVANZADOS DE PROGRAMACIÓN,5,Martes,10:11,10:12,1011,FF6,Teoría,Planta Baja,0,0
01_Horario_Inicial,PROFESOR 33,4505/B,TÓPICOS AVANZADOS DE PROGRAMACIÓN,5,Miercoles,10:11,10:12,1011,LIA,Laboratorio,Primer Piso,0,0
01_Horario_Inicial,PROFESOR 33,4505/B,TÓPICOS AVANZADOS DE PROGRAMACIÓN,5,Jueves,10:11,10:12,1011,FF6,Teoría,Planta Baja,0,0
01_Horario_Inicial,PROFESOR 33,4505/B,TÓPICOS AVANZADOS DE PROGRAMACIÓN,5,Viernes,10:11,10:12,1011,FF6,Teoría,Planta Baja,0,0
01_Horario_Inicial,PROFESOR 33,850M/C,PROGRAMACIÓN NATIVA PARA MÓVILES,5,Lunes,11:12,11:13,1112,LCA,Laboratorio,Segundo Piso,0,0
01_Horario_Inicial,PROFESOR 33,850M/C,PROGRAMACIÓN NATIVA PARA MÓVILES,5,Martes,11:12,11:13,1112,FF6,Teoría,Planta Baja,0,0
01_Horario_Inicial,PROFESOR 33,850M/C,PROGRAMACIÓN NATIVA PARA MÓVILES,5,Miercoles,11:12,11:13,1112,LCA,Laboratorio,Segundo Piso,0,0
01_Horario_Inicial,PROFESOR 33,850M/C,PROGRAMACIÓN NATIVA PARA MÓVILES,5,Jueves,11:12,11:13,1112,FF6,Teoría,Planta Baja,0,0
01_Horario_Inicial,PROFESOR 33,850M/C,PROGRAMACIÓN NATIVA PARA MÓVILES,5,Viernes,11:12,11:13,1112,FF6,Teoría,Planta Baja,0,0
01_Horario_Inicial,PROFESOR 34,1502/C,FUNDAMENTOS DE PROGRAMACIÓN,5,Lunes,10:11,10:12,1011,FF3,Teoría,Planta Baja,0,1
01_Horario_Inicial,PROFESOR 34,1502/C,FUNDAMENTOS DE PROGRAMACIÓN,5,Martes,10:11,10:12,1011,LCG1,Laboratorio,Primer Piso,0,1
01_Horario_Inicial,PROFESOR 34,1502/C,FUNDAMENTOS DE PROGRAMACIÓN,5,Miercoles,10:11,10:12,1011,FF3,Teoría,Planta Baja,0,1
01_Horario_Inicial,PROFESOR 34,1502/C,FUNDAMENTOS DE PROGRAMACIÓN,5,Jueves,10:11,10:12,1011,LCG1,Laboratorio,Primer Piso,0,1
01_Horario_Inicial,PROFESOR 34,1502/C,FUNDAMENTOS DE PROGRAMACIÓN,5,Viernes,10:11,10:12,1011,LCG1,Laboratorio,Primer Piso,0,1
01_Horario_Inicial,PROFESOR 34,1502/CA,FUNDAMENTOS DE PROGRAMACIÓN,5,Lunes,11:12,11:13,1112,FF5,Teoría,Planta Baja,0,1
01_Horario_Inicial,PROFESOR 34,1502/CA,FUNDAMENTOS DE PROGRAMACIÓN,5,Martes,11:12,11:13,1112,LCG2,Laboratorio,Primer Piso,0,1
01_Horario_Inicial,PROFESOR 34,1502/CA,FUNDAMENTOS DE PROGRAMACIÓN,5,Miercoles,11:12,11:13,1112,FF5,Teoría,Planta Baja,0,1
01_Horario_Inicial,PROFESOR 34,1502/CA,FUNDAMENTOS DE PROGRAMACIÓN,5,Jueves,11:12,11:13,1112,LCG2,Laboratorio,Primer Piso,0,1
01_Horario_Inicial,PROFESOR 34,1502/CA,FUNDAMENTOS DE PROGRAMACIÓN,5,Viernes,11:12,11:13,1112,LBD,Laboratorio,Segundo Piso,0,1
01_Horario_Inicial,PROFESOR 34,1502/D,FUNDAMENTOS DE PROGRAMACIÓN,5,Lunes,13:14,13:15,1314,LCG2,Laboratorio,Primer Piso,0,1
01_Horario_Inicial,PROFESOR 34,1502/D,FUNDAMENTOS DE PROGRAMACIÓN,5,Martes,13:14,13:15,1314,FFA,Teoría,Planta Alta,0,1
01_Horario_Inicial,PROFESOR 34,1502/D,FUNDAMENTOS DE PROGRAMACIÓN,5,Miercoles,13:14,13:15,1314,LCG2,Laboratorio,Primer Piso,0,1
01_Horario_Inicial,PROFESOR 34,1502/D,FUNDAMENTOS DE PROGRAMACIÓN,5,Jueves,13:14,13:15,1314,FFA,Teoría,Planta Alta,0,1
01_Horario_Inicial,PROFESOR 34,1502/D,FUNDAMENTOS DE PROGRAMACIÓN,5,Viernes,13:14,13:15,1314,LCG2,Laboratorio,Primer Piso,0,1
01_Horario_Inicial,PROFESOR 34,1112/A,FUNDAMENTOS DE PROGRAMACIÓN,5,Lunes,14:15,14:16,1415,AV2,INVÁLIDO,N/A,1,1
01_Horario_Inicial,PROFESOR 34,1112/A,FUNDAMENTOS DE PROGRAMACIÓN,5,Martes,14:15,14:16,1415,AV2,INVÁLIDO,N/A,1,1
01_Horario_Inicial,PROFESOR 34,1112/A,FUNDAMENTOS DE PROGRAMACIÓN,5,Miercoles,14:15,14:16,1415,AV2,INVÁLIDO,N/A,1,1
01_Horario_Inicial,PROFESOR 34,1112/A,FUNDAMENTOS DE PROGRAMACIÓN,5,Jueves,14:15,14:16,1415,AV2,INVÁLIDO,N/A,1,1
01_Horario_Inicial,PROFESOR 34,1112/A,FUNDAMENTOS DE PROGRAMACIÓN,5,Viernes,14:15,14:16,1415,AV2,INVÁLIDO,N/A,1,1
01_Horario_Inicial,PROFESOR 35,3506/B,ESTRUCTURA DE DATOS,5,Lunes,12:13,12:14,1213,FFD,Teoría,Planta Alta,0,0
01_Horario_Inicial,PROFESOR 35,3506/B,ESTRUCTURA DE DATOS,5,Martes,12:13,12:14,1213,LIA,Laboratorio,Primer Piso,0,0
01_Horario_Inicial,PROFESOR 35,3506/B,ESTRUCTURA DE DATOS,5,Miercoles,12:13,12:14,1213,FFD,Teoría,Planta Alta,0,0
01_Horario_Inicial,PROFESOR 35,3506/B,ESTRUCTURA DE DATOS,5,Jueves,12:13,12:14,1213,LIA,Laboratorio,Primer Piso,0,0
01_Horario_Inicial,PROFESOR 35,3506/B,ESTRUCTURA DE DATOS,5,Viernes,12:13,12:14,1213,LIA,Laboratorio,Primer Piso,0,0
01_Horario_Inicial,PROFESOR 35,3506/C,ESTRUCTURA DE DATOS,5,Lunes,13:14,13:15,1314,LCG1,Laboratorio,Primer Piso,0,0
01_Horario_Inicial,PROFESOR 35,3506/C,ESTRUCTURA DE DATOS,5,Martes,13:14,13:15,1314,FFB,Teoría,Planta Alta,0,0
01_Horario_Inicial,PROFESOR 35,3506/C,ESTRUCTURA DE DATOS,5,Miercoles,13:14,13:15,1314,LCG1,Laboratorio,Primer Piso,0,0
01_Horario_Inicial,PROFESOR 35,3506/C,ESTRUCTURA DE DATOS,5,Jueves,13:14,13:15,1314,FFB,Teoría,Planta Alta,0,0
01_Horario_Inicial,PROFESOR 35,3506/C,ESTRUCTURA DE DATOS,5,Viernes,13:14,13:15,1314,FFB,Teoría,Planta Alta,0,0
01_Horario_Inicial,PROFESOR 35,2502/B,PROGRAMACIÓN ORIENTADA A OBJETOS,5,Lunes,14:15,14:16,1415,FFD,Teoría,Planta Alta,0,0
01_Horario_Inicial,PROFESOR 35,2502/B,PROGRAMACIÓN ORIENTADA A OBJETOS,5,Martes,14:15,14:16,1415,LIA,Laboratorio,Primer Piso,0,0
01_Horario_Inicial,PROFESOR 35,2502/B,PROGRAMACIÓN ORIENTADA A OBJETOS,5,Miercoles,14:15,14:16,1415,FFD,Teoría,Planta Alta,0,0
01_Horario_Inicial,PROFESOR 35,2502/B,PROGRAMACIÓN ORIENTADA A OBJETOS,5,Jueves,14:15,14:16,1415,LIA,Laboratorio,Primer Piso,0,0
01_Horario_Inicial,PROFESOR 35,2502/B,PROGRAMACIÓN ORIENTADA A OBJETOS,5,Viernes,14:15,14:16,1415,LIA,Laboratorio,Primer Piso,0,0
01_Horario_Inicial,PROFESOR 35,2112/A,PROGRAMACIÓN ORIENTADA A OBJETOS,5,Lunes,15:16,15:17,1516,AV4,INVÁLIDO,N/A,1,0
01_Horario_Inicial,PROFESOR 35,2112/A,PROGRAMACIÓN ORIENTADA A OBJETOS,5,Martes,15:16,15:17,1516,AV4,INVÁLIDO,N/A,1,0
01_Horario_Inicial,PROFESOR 35,2112/A,PROGRAMACIÓN ORIENTADA A OBJETOS,5,Miercoles,15:16,15:17,1516,AV4,INVÁLIDO,N/A,1,0
01_Horario_Inicial,PROFESOR 35,2112/A,PROGRAMACIÓN ORIENTADA A OBJETOS,5,Jueves,15:16,15:17,1516,AV4,INVÁLIDO,N/A,1,0
01_Horario_Inicial,PROFESOR 35,2112/A,PROGRAMACIÓN ORIENTADA A OBJETOS,5,Viernes,15:16,15:17,1516,AV4,INVÁLIDO,N/A,1,0
01_Horario_Inicial,PROFESOR 36,2531/D,PROGRAMACIÓN,4,Lunes,15:16,15:17,1516,FFB,Teoría,Planta Alta,0,0
01_Horario_Inicial,PROFESOR 36,2531/D,PROGRAMACIÓN,4,Martes,15:16,15:17,1516,LCG2,Laboratorio,Primer Piso,0,0
01_Horario_Inicial,PROFESOR 36,2531/D,PROGRAMACIÓN,4,Miercoles,15:16,15:17,1516,FFB,Teoría,Planta Alta,0,0
01_Horario_Inicial,PROFESOR 36,2531/D,PROGRAMACIÓN,4,Jueves,15:16,15:17,1516,LCG2,Laboratorio,Primer Piso,0,0
01_Horario_Inicial,PROFESOR 36,1502/FA,FUNDAMENTOS DE PROGRAMACIÓN,5,Lunes,16:17,16:18,1617,FFD,Teoría,Planta Alta,0,1
01_Horario_Inicial,PROFESOR 36,1502/FA,FUNDAMENTOS DE PROGRAMACIÓN,5,Martes,16:17,16:18,1617,LIA,Laboratorio,Primer Piso,0,1
01_Horario_Inicial,PROFESOR 36,1502/FA,FUNDAMENTOS DE PROGRAMACIÓN,5,Miercoles,16:17,16:18,1617,FFD,Teoría,Planta Alta,0,1
01_Horario_Inicial,PROFESOR 36,1502/FA,FUNDAMENTOS DE PROGRAMACIÓN,5,Jueves,16:17,16:18,1617,LIA,Laboratorio,Primer Piso,0,1
01_Horario_Inicial,PROFESOR 36,1502/FA,FUNDAMENTOS DE PROGRAMACIÓN,5,Viernes,16:17,16:18,1617,LIA,Laboratorio,Primer Piso,0,1
01_Horario_Inicial,PROFESOR 36,1502/F,FUNDAMENTOS DE PROGRAMACIÓN,5,Lunes,17:18,17:19,1718,FF7,Teoría,Planta Baja,0,1
01_Horario_Inicial,PROFESOR 36,1502/F,FUNDAMENTOS DE PROGRAMACIÓN,5,Martes,17:18,17:19,1718,LIA,Laboratorio,Primer Piso,0,1
01_Horario_Inicial,PROFESOR 36,1502/F,FUNDAMENTOS DE PROGRAMACIÓN,5,Miercoles,17:18,17:19,1718,FF7,Teoría,Planta Baja,0,1
01_Horario_Inicial,PROFESOR 36,1502/F,FUNDAMENTOS DE PROGRAMACIÓN,5,Jueves,17:18,17:19,1718,LIA,Laboratorio,Primer Piso,0,1
01_Horario_Inicial,PROFESOR 36,1502/F,FUNDAMENTOS DE PROGRAMACIÓN,5,Viernes,17:18,17:19,1718,LCG1,Laboratorio,Primer Piso,0,1
01_Horario_Inicial,PROFESOR 36,3566/E,PROGRAMACIÓN,4,Lunes,18:19,18:20,1819,FFA,Teoría,Planta Alta,0,0
01_Horario_Inicial,PROFESOR 36,3566/E,PROGRAMACIÓN,4,Martes,18:19,18:20,1819,LIA,Laboratorio,Primer Piso,0,0
01_Horario_Inicial,PROFESOR 36,3566/E,PROGRAMACIÓN,4,Miercoles,18:19,18:20,1819,FFA,Teoría,Planta Alta,0,0
01_Horario_Inicial,PROFESOR 36,3566/E,PROGRAMACIÓN,4,Jueves,18:19,18:20,1819,LIA,Laboratorio,Primer Piso,0,0
01_Horario_Inicial,PROFESOR 37,3566/A,PROGRAMACIÓN,4,Lunes,09:10,09:11,0910,FF6,Teoría,Planta Baja,0,0
01_Horario_Inicial,PROFESOR 37,3566/A,PROGRAMACIÓN,4,Miercoles,09:10,09:11,0910,FF6,Teoría,Planta Baja,0,0
01_Horario_Inicial,PROFESOR 37,3566/A,PROGRAMACIÓN,4,Jueves,09:10,09:11,0910,LBD2,Laboratorio,Segundo Piso,0,0
01_Horario_Inicial,PROFESOR 37,3566/A,PROGRAMACIÓN,4,Viernes,09:10,09:11,0910,LBD2,Laboratorio,Segundo Piso,0,0
01_Horario_Inicial,PROFESOR 37,5116/A,FUNDAMENTOS DE INGENIERÍA DE SOFTWARE,4,Lunes,10:11,10:12,1011,AV5,INVÁLIDO,N/A,1,0
01_Horario_Inicial,PROFESOR 37,5116/A,FUNDAMENTOS DE INGENIERÍA DE SOFTWARE,4,Martes,10:11,10:12,1011,AV5,INVÁLIDO,N/A,1,0
01_Horario_Inicial,PROFESOR 37,5116/A,FUNDAMENTOS DE INGENIERÍA DE SOFTWARE,4,Miercoles,10:11,10:12,1011,AV5,INVÁLIDO,N/A,1,0
01_Horario_Inicial,PROFESOR 37,5116/A,FUNDAMENTOS DE INGENIERÍA DE SOFTWARE,4,Jueves,10:11,10:12,1011,AV5,INVÁLIDO,N/A,1,0
01_Horario_Inicial,PROFESOR 37,2605/C,COMPUTACIÓN PARA INGENIERÍA PETROLERA,5,Lunes,11:12,11:13,1112,LBD2,Laboratorio,Segundo Piso,0,0
01_Horario_Inicial,PROFESOR 37,2605/C,COMPUTACIÓN PARA INGENIERÍA PETROLERA,5,Martes,11:12,11:13,1112,FF4,Teoría,Planta Baja,0,0
01_Horario_Inicial,PROFESOR 37,2605/C,COMPUTACIÓN PARA INGENIERÍA PETROLERA,5,Miercoles,11:12,11:13,1112,LBD2,Laboratorio,Segundo Piso,0,0
01_Horario_Inicial,PROFESOR 37,2605/C,COMPUTACIÓN PARA INGENIERÍA PETROLERA,5,Jueves,11:12,11:13,1112,FF4,Teoría,Planta Baja,0,0
01_Horario_Inicial,PROFESOR 37,2605/C,COMPUTACIÓN PARA INGENIERÍA PETROLERA,5,Viernes,11:12,11:13,1112,FF4,Teoría,Planta Baja,0,0
01_Horario_Inicial,PROFESOR 37,3566/B,PROGRAMACIÓN,4,Lunes,12:13,12:14,1213,LCA,Laboratorio,Segundo Piso,0,0
01_Horario_Inicial,PROFESOR 37,3566/B,PROGRAMACIÓN,4,Martes,12:13,12:14,1213,FFA,Teoría,Planta Alta,0,0
01_Horario_Inicial,PROFESOR 37,3566/B,PROGRAMACIÓN,4,Miercoles,12:13,12:14,1213,LCA,Laboratorio,Segundo Piso,0,0
01_Horario_Inicial,PROFESOR 37,3566/B,PROGRAMACIÓN,4,Jueves,12:13,12:14,1213,FFA,Teoría,Planta Alta,0,0
01_Horario_Inicial,PROFESOR 37,1502/DA,FUNDAMENTOS DE PROGRAMACIÓN,5,Lunes,13:14,13:15,1314,FFD,Teoría,Planta Alta,0,1
01_Horario_Inicial,PROFESOR 37,1502/DA,FUNDAMENTOS DE PROGRAMACIÓN,5,Martes,13:14,13:15,1314,LCG2,Laboratorio,Primer Piso,0,1
01_Horario_Inicial,PROFESOR 37,1502/DA,FUNDAMENTOS DE PROGRAMACIÓN,5,Miercoles,13:14,13:15,1314,FFD,Teoría,Planta Alta,0,1
01_Horario_Inicial,PROFESOR 37,1502/DA,FUNDAMENTOS DE PROGRAMACIÓN,5,Jueves,13:14,13:15,1314,LCG2,Laboratorio,Primer Piso,0,1
01_Horario_Inicial,PROFESOR 37,1502/DA,FUNDAMENTOS DE PROGRAMACIÓN,5,Viernes,13:14,13:15,1314,LCG1,Laboratorio,Primer Piso,0,1
